account_id,account_name,industry,country,signup_date,initial_plan,is_trial,current_plan,total_mrr,total_arr,total_usage,total_feature_usage,avg_usage_duration,total_errors,total_tickets,avg_resolution_time,avg_first_response,avg_satisfaction,churn_date,churn_events_count,lifetime_days,churn_flag
A-2e4581,Company_0,EdTech,US,16-10-2024,Basic,FALSE,Pro,12603,151236,55,535,2769.8,38,2,23,91,1.5,05-12-2024,2,46,1
A-43a9e3,Company_1,FinTech,IN,17-08-2023,Basic,FALSE,Pro,10004,120048,35,355,2889.6,14,3,38,73.3333,4,NULL,NULL,944,0
A-0a282f,Company_2,DevTools,US,27-08-2024,Basic,FALSE,Pro,18286,219432,83,821,3026.6265,48,3,43.66666667,63.6667,4.666666667,31-12-2024,2,122,1
A-1f0ac7,Company_3,HealthTech,UK,27-08-2023,Basic,TRUE,Pro,9275,111300,41,382,2500.6829,21,2,29,174,0,08-11-2024,1,340,1
A-ce550d,Company_4,HealthTech,US,27-10-2024,Enterprise,FALSE,Pro,48761,585132,58,579,3720.3276,31,7,42.28571429,107.8571,2.714285714,28-12-2024,1,61,1
A-1b9609,Company_5,EdTech,IN,12-10-2023,Enterprise,FALSE,Pro,16810,201720,47,457,2990.234,21,4,43,74.75,0.75,16-11-2024,3,351,1
A-a0ca4e,Company_6,Cybersecurity,US,08-03-2024,Pro,FALSE,Pro,16633,199596,39,373,2999.0769,14,6,39.16666667,89.8333,3.166666667,NULL,NULL,766,0
A-e5d6ab,Company_7,EdTech,US,15-04-2023,Pro,FALSE,Pro,13048,156576,41,382,2719.6585,23,3,42.66666667,57,0,11-05-2024,2,366,1
A-7dacce,Company_8,Cybersecurity,CA,10-09-2024,Enterprise,FALSE,Pro,23057,276684,48,472,3029.7708,29,4,32.5,75.25,2.75,27-12-2024,3,108,1
A-10b8da,Company_9,DevTools,US,08-05-2023,Enterprise,FALSE,Pro,8787,105444,27,257,2734,14,3,31.33333333,71.3333,2.333333333,NULL,NULL,1075,0
A-592832,Company_10,Cybersecurity,US,25-09-2024,Basic,FALSE,Pro,32571,390852,101,1053,3230.5248,55,3,32.66666667,80.6667,1.666666667,04-10-2024,1,8,1
A-d40bf7,Company_11,FinTech,IN,08-11-2024,Basic,FALSE,Pro,43247,518964,55,562,2730.6545,22,2,20.5,125.5,5,NULL,NULL,528,0
A-6c093d,Company_12,DevTools,US,14-04-2023,Basic,TRUE,Pro,16242,194904,64,670,3394.9219,30,3,40.33333333,68.3333,1.666666667,NULL,NULL,1087,0
A-462d45,Company_13,Cybersecurity,US,15-01-2024,Enterprise,TRUE,Pro,23432,281184,69,642,2312.4783,26,4,26.75,95,1,17-05-2024,1,122,1
A-956988,Company_14,EdTech,UK,30-11-2024,Enterprise,FALSE,Pro,29407,352884,70,658,2474.7429,49,2,50.5,118,1.5,30-12-2024,2,29,1
A-ac14bb,Company_15,FinTech,US,08-09-2023,Enterprise,FALSE,Pro,27746,332952,54,531,3163.4444,42,2,24.5,30.5,2,01-10-2024,2,370,1
A-463db0,Company_16,HealthTech,US,05-12-2024,Basic,FALSE,Pro,13266,159192,37,367,2871.8649,13,6,50.16666667,94.8333,2.833333333,30-12-2024,1,21,1
A-ce66f8,Company_17,EdTech,CA,23-08-2023,Pro,FALSE,Pro,11858,142296,46,494,2903.4565,19,6,41.66666667,79.1667,1.166666667,NULL,NULL,971,0
A-c4ea60,Company_18,FinTech,DE,09-03-2023,Enterprise,FALSE,Pro,14646,175752,43,427,3191.7209,18,5,36,59,3.6,NULL,NULL,1106,0
A-832ec2,Company_19,FinTech,UK,19-11-2023,Enterprise,TRUE,Pro,9299,111588,49,511,3218.5918,25,3,26,108.6667,2.666666667,15-09-2024,2,257,1
A-684255,Company_20,FinTech,US,14-04-2024,Enterprise,FALSE,Pro,11844,142128,66,653,2906.803,44,4,14.25,97.75,3.5,03-07-2024,2,80,1
A-c42f1f,Company_21,HealthTech,US,28-07-2024,Pro,FALSE,Pro,5175,62100,35,337,2810.9429,20,9,31.33333333,81.8889,2.222222222,NULL,NULL,632,0
A-4e44e8,Company_22,DevTools,US,20-08-2024,Enterprise,FALSE,Pro,36445,437340,69,687,3020.1014,37,3,31.33333333,76.6667,3.333333333,11-10-2024,2,49,1
A-30b4ca,Company_23,EdTech,IN,20-05-2024,Basic,FALSE,Pro,75938,911256,42,402,3034.119,22,3,57.66666667,108.3333,1.333333333,01-09-2024,1,100,1
A-9f2731,Company_24,FinTech,IN,04-10-2024,Enterprise,FALSE,Pro,3613,43356,32,324,3066.0313,20,NULL,NULL,NULL,NULL,09-12-2024,2,58,1
A-32fb14,Company_25,DevTools,US,07-03-2023,Enterprise,FALSE,Pro,10162,121944,47,488,3206.5532,19,5,34,59.6,1.8,28-04-2024,3,285,1
A-00cac8,Company_26,HealthTech,AU,15-09-2023,Enterprise,TRUE,Pro,14121,169452,58,602,2954.5862,31,2,33,120.5,0,NULL,NULL,948,0
A-35083d,Company_27,HealthTech,IN,28-04-2023,Basic,FALSE,Pro,32433,389196,72,791,3292.4306,37,4,49.75,119,3.75,NULL,NULL,1053,0
A-eb7fac,Company_28,DevTools,US,28-10-2023,Enterprise,FALSE,Pro,42096,505152,53,538,3504.3208,44,4,34,126.5,1,22-07-2024,1,209,1
A-b20d99,Company_29,HealthTech,IN,27-09-2023,Basic,FALSE,Pro,11069,132828,33,329,3188.303,12,2,61.5,27,3.5,04-03-2024,1,38,1
A-396e5f,Company_30,Cybersecurity,CA,02-10-2024,Enterprise,FALSE,Pro,10236,122832,55,540,3189.5818,23,5,24.8,102.8,0.8,30-11-2024,1,59,1
A-45ce7a,Company_31,FinTech,US,23-07-2023,Enterprise,FALSE,Pro,8216,98592,39,424,3204.5641,30,5,45.4,91.8,2.2,NULL,NULL,977,0
A-08e34e,Company_32,EdTech,US,27-06-2024,Basic,FALSE,Pro,21821,261852,63,651,2967.127,32,3,43,84,2,01-09-2024,2,62,1
A-8145a0,Company_33,Cybersecurity,AU,25-04-2023,Basic,TRUE,Enterprise,17260,207120,64,693,3127.7656,27,6,23.66666667,90.1667,2,12-07-2023,1,-26,1
A-bad8c1,Company_34,FinTech,AU,01-03-2023,Basic,FALSE,Pro,7797,93564,37,385,3396.6216,11,1,27,49,4,04-10-2023,1,114,1
A-44dc83,Company_35,EdTech,FR,12-05-2024,Basic,FALSE,Enterprise,456,5472,24,248,3379.9583,13,7,40.85714286,76.1429,3.285714286,29-11-2024,1,165,1
A-f446b6,Company_36,DevTools,DE,12-05-2023,Pro,TRUE,Pro,11392,136704,39,376,3269.6154,31,8,30.75,82.5,2.125,NULL,NULL,1059,0
A-a45270,Company_37,HealthTech,US,24-06-2024,Enterprise,FALSE,Pro,20131,241572,71,733,3134.9577,53,4,64,110,2,12-11-2024,1,123,1
A-854864,Company_38,FinTech,IN,07-12-2024,Enterprise,FALSE,Pro,14759,177108,24,248,3063.2083,10,5,44.2,100.8,4.8,24-12-2024,1,15,1
A-1b7577,Company_39,Cybersecurity,US,27-10-2024,Pro,FALSE,Pro,8771,105252,62,647,3154.8065,33,5,27.2,109.4,3.2,NULL,NULL,540,0
A-05f0e5,Company_40,FinTech,US,04-05-2023,Basic,FALSE,Pro,51109,613308,67,706,3091.2836,46,4,20,108.5,3,25-11-2024,2,533,1
A-9077b0,Company_41,HealthTech,US,25-08-2024,Basic,FALSE,Pro,3565,42780,46,493,3180.4565,31,3,40.33333333,136.3333,4.333333333,NULL,NULL,603,0
A-7f8241,Company_42,EdTech,US,14-03-2023,Pro,FALSE,Pro,39516,474192,77,734,2950.4675,38,1,36,135,3,NULL,NULL,1121,0
A-2bc93d,Company_43,HealthTech,US,14-03-2023,Basic,FALSE,Pro,32394,388728,67,666,3219.9254,31,2,12,78,4.5,15-08-2024,2,393,1
A-f3ff05,Company_44,FinTech,IN,06-07-2024,Enterprise,FALSE,Pro,19465,233580,66,672,3186.7727,36,3,42.66666667,111.3333,2.333333333,20-10-2024,1,80,1
A-2d4502,Company_45,FinTech,IN,29-04-2024,Basic,FALSE,Pro,29071,348852,47,465,2723.3404,19,3,26.33333333,82,3.333333333,07-05-2024,1,7,1
A-6a4e2d,Company_46,EdTech,UK,07-04-2023,Pro,FALSE,Pro,10394,124728,59,597,2928.2034,31,2,18.5,141,4.5,19-07-2024,1,417,1
A-eb7c38,Company_47,DevTools,AU,25-02-2024,Enterprise,FALSE,Pro,38210,458520,70,693,2913.5143,27,5,22.4,67.4,2.6,22-03-2024,1,-20,1
A-c37601,Company_48,EdTech,US,31-10-2024,Basic,TRUE,Pro,20475,245700,48,489,2746.5625,21,4,42.25,83,2.75,17-12-2024,1,46,1
A-3b5cd1,Company_49,FinTech,US,12-09-2023,Basic,TRUE,Pro,23676,284112,52,523,3422.2692,24,5,27.4,46.6,1.6,30-08-2024,3,335,1
A-b2225d,Company_50,FinTech,US,08-03-2024,Basic,FALSE,Pro,19088,229056,73,696,3242.3699,60,2,42,38,1.5,27-06-2024,3,86,1
A-94f8c9,Company_51,HealthTech,US,29-03-2024,Basic,FALSE,Pro,31989,383868,77,746,2650.961,63,3,47.33333333,87.6667,3.333333333,02-05-2024,1,27,1
A-02fac6,Company_52,FinTech,US,06-04-2023,Pro,FALSE,Pro,26410,316920,53,514,3204.7925,34,6,23.33333333,100.5,1.333333333,21-08-2024,1,305,1
A-c1dfe1,Company_53,DevTools,DE,07-08-2023,Pro,FALSE,Enterprise,25790,309480,39,375,3274.0256,30,3,50.33333333,93.6667,1.333333333,06-06-2024,2,224,1
A-32728c,Company_54,DevTools,US,03-01-2023,Pro,FALSE,Pro,4498,53976,41,418,2812.8049,22,2,34.5,61.5,3.5,19-07-2024,3,472,1
A-4c38bc,Company_55,HealthTech,UK,09-03-2024,Basic,FALSE,Pro,48060,576720,81,818,3350.0988,27,3,48.33333333,43,2.333333333,NULL,NULL,765,0
A-1b707d,Company_56,Cybersecurity,US,14-07-2023,Enterprise,FALSE,Pro,9332,111984,38,399,2906.7368,12,3,42.66666667,75.3333,0,21-07-2023,1,-116,1
A-6f8ad2,Company_57,EdTech,IN,09-07-2024,Basic,FALSE,Pro,25928,311136,88,924,2971.4659,59,4,35.25,37.25,3.25,NULL,NULL,638,0
A-4d1e75,Company_58,DevTools,US,21-08-2024,Basic,FALSE,Pro,31390,376680,51,477,2904.0392,25,2,15,98.5,4,05-09-2024,1,-2,1
A-9ee962,Company_59,HealthTech,US,28-02-2023,Basic,FALSE,Pro,9420,113040,39,439,3082.7179,17,3,37,69.6667,1.333333333,03-10-2024,1,468,1
A-378b99,Company_60,EdTech,UK,01-09-2024,Pro,TRUE,Pro,12116,145392,58,565,3233.1897,38,6,28.5,78.8333,3,12-10-2024,1,32,1
A-94d3da,Company_61,HealthTech,US,03-05-2023,Basic,FALSE,Pro,22673,272076,48,464,3126.0625,25,6,26.83333333,80.5,2.333333333,12-04-2024,1,314,1
A-e351e1,Company_62,EdTech,US,26-09-2024,Enterprise,FALSE,Pro,3498,41976,29,295,3532.8276,22,4,17,65.25,3.75,04-12-2024,3,68,1
A-9badbd,Company_63,Cybersecurity,DE,19-06-2024,Enterprise,TRUE,Pro,32477,389724,70,729,3148.3143,45,5,30.2,102.6,2,NULL,NULL,661,0
A-7e0a10,Company_64,FinTech,US,18-11-2023,Enterprise,FALSE,Pro,41116,493392,50,511,3463.24,35,5,39.4,62.6,1.6,26-09-2024,1,302,1
A-118d55,Company_65,Cybersecurity,US,22-10-2024,Basic,FALSE,Pro,23919,287028,60,599,2802.3833,33,5,24.2,56.8,2.6,27-12-2024,2,62,1
A-526d93,Company_66,HealthTech,FR,14-04-2024,Basic,FALSE,Pro,39201,470412,56,565,2843.0893,45,5,51.4,134.6,1.4,25-09-2024,3,159,1
A-f92792,Company_67,FinTech,US,04-07-2024,Pro,FALSE,Pro,18807,225684,53,528,2813.6604,31,2,45,82,2,03-11-2024,1,119,1
A-84ebe4,Company_68,FinTech,US,12-03-2023,Pro,TRUE,Pro,27994,335928,42,396,2944.1667,26,4,29.5,135.5,2,20-01-2024,2,255,1
A-5b4ebb,Company_69,Cybersecurity,UK,10-07-2024,Basic,TRUE,Pro,27803,333636,70,692,2804.2857,25,5,35.4,63,3.8,NULL,NULL,649,0
A-2922b6,Company_70,HealthTech,US,14-11-2024,Basic,FALSE,Pro,10669,128028,37,393,3168.5676,13,2,15.5,103,2,25-12-2024,1,20,1
A-9b9fe9,Company_71,EdTech,AU,28-09-2023,Basic,FALSE,Pro,19725,236700,58,597,3391.3966,22,4,33.5,156.5,3,04-09-2024,2,324,1
A-a8b49c,Company_72,Cybersecurity,UK,06-10-2023,Basic,FALSE,Pro,11567,138804,54,545,3396.2778,43,1,72,105,4,17-06-2024,1,247,1
A-9174e0,Company_73,Cybersecurity,US,04-12-2024,Basic,FALSE,Pro,53976,647712,69,689,2987.5072,61,2,39,167,2.5,NULL,NULL,501,0
A-a1bbb6,Company_74,DevTools,CA,05-04-2023,Basic,FALSE,Pro,14402,172824,37,366,3201.7568,20,3,17.66666667,120.6667,1.333333333,NULL,NULL,1100,0
A-c45b23,Company_75,FinTech,UK,08-12-2023,Basic,FALSE,Pro,8504,102048,59,581,3068.7458,30,3,36.66666667,51.6667,1,24-03-2024,1,86,1
A-02cd81,Company_76,HealthTech,IN,28-03-2024,Basic,FALSE,Pro,32956,395472,72,684,3045.8889,28,3,17.33333333,84.6667,3,30-04-2024,1,33,1
A-ee42db,Company_77,EdTech,DE,25-04-2023,Enterprise,FALSE,Pro,11567,138804,54,511,2794,33,4,33.75,98.25,0.75,12-11-2024,4,561,1
A-432483,Company_78,Cybersecurity,US,06-02-2023,Pro,FALSE,Pro,25813,309756,45,451,3365.7778,28,1,51,128,0,NULL,NULL,1115,0
A-9208f0,Company_79,EdTech,US,11-05-2023,Pro,FALSE,Pro,3511,42132,53,538,2994.3585,31,8,41.25,59.75,1.25,09-11-2024,4,544,1
A-98a59a,Company_80,FinTech,UK,04-08-2023,Enterprise,FALSE,Pro,36456,437472,44,455,2827.9318,21,3,37.33333333,74,3,11-09-2024,1,375,1
A-fe79a5,Company_81,HealthTech,IN,21-02-2024,Basic,TRUE,Pro,13532,162384,33,335,2929.4545,17,4,28.5,61,2.5,NULL,NULL,780,0
A-726cfa,Company_82,DevTools,US,01-07-2023,Pro,FALSE,Pro,34782,417384,98,993,2877.4082,45,3,35.66666667,128.3333,2.666666667,08-08-2024,1,390,1
A-c43359,Company_83,FinTech,US,16-11-2024,Pro,FALSE,Pro,12312,147744,47,461,3128.7447,32,3,26.66666667,107.3333,1.333333333,19-12-2024,2,31,1
A-271f46,Company_84,DevTools,US,09-02-2023,Pro,FALSE,Pro,19604,235248,38,373,3014.8158,16,1,36,79,0,09-08-2024,2,499,1
A-157070,Company_85,FinTech,US,09-11-2023,Pro,FALSE,Pro,27506,330072,71,696,2632.7887,26,3,42.33333333,118,1,27-12-2024,2,381,1
A-40a557,Company_86,Cybersecurity,AU,03-12-2023,Pro,TRUE,Pro,23324,279888,39,402,2928.641,17,7,30.57142857,94.7143,1.571428571,08-12-2023,1,-34,1
A-66224b,Company_87,HealthTech,US,18-10-2024,Pro,TRUE,Pro,69184,830208,61,626,3036.541,29,6,39.83333333,82.5,3.5,NULL,NULL,548,0
A-91e948,Company_88,EdTech,AU,29-01-2023,Basic,FALSE,Pro,21894,262728,40,404,2881.5,16,NULL,NULL,NULL,NULL,NULL,NULL,981,0
A-104f1a,Company_89,Cybersecurity,US,17-08-2024,Pro,FALSE,Pro,12617,151404,44,438,3567.0227,22,5,33.2,50.4,3,11-12-2024,3,100,1
A-7988d1,Company_90,Cybersecurity,US,20-12-2023,Basic,FALSE,Pro,10692,128304,46,449,3005.7609,28,3,35.33333333,65.3333,4.333333333,24-12-2024,3,287,1
A-faa28c,Company_91,HealthTech,US,30-01-2024,Enterprise,FALSE,Pro,58404,700848,59,585,2745.8814,24,4,52.25,115.5,3.5,20-08-2024,2,197,1
A-f25509,Company_92,EdTech,US,22-03-2024,Enterprise,FALSE,Pro,16122,193464,23,229,3200.1304,15,6,42.66666667,116,2.333333333,10-11-2024,3,166,1
A-3a7284,Company_93,FinTech,US,17-11-2024,Enterprise,FALSE,Pro,35519,426228,60,609,3192.7,30,3,56.33333333,104.3333,2.333333333,26-12-2024,1,28,1
A-3a5ad8,Company_94,HealthTech,US,05-12-2023,Enterprise,TRUE,Pro,28701,344412,52,506,2459.1923,23,4,44.75,53.5,2.25,NULL,NULL,855,0
A-65a46c,Company_95,HealthTech,US,04-11-2023,Pro,FALSE,Pro,22675,272100,38,370,3032.0789,21,8,45.125,91.125,2.5,NULL,NULL,777,0
A-8b25f2,Company_96,Cybersecurity,US,17-02-2024,Pro,FALSE,Pro,14048,168576,54,565,2951.7407,20,2,35.5,50.5,4,NULL,NULL,792,0
A-fabe19,Company_97,DevTools,UK,11-11-2024,Enterprise,FALSE,Enterprise,20497,245964,33,337,3423.2121,16,3,40.66666667,38.3333,1.333333333,NULL,NULL,514,0
A-adc1f3,Company_98,Cybersecurity,US,05-08-2024,Pro,FALSE,Pro,26608,319296,36,334,3337.0278,26,3,47.33333333,65,2.333333333,NULL,NULL,619,0
A-503d5a,Company_99,FinTech,US,21-10-2023,Enterprise,FALSE,Pro,17884,214608,59,605,3585.8475,32,9,36.55555556,81.7778,1.333333333,NULL,NULL,913,0
A-fd7ad3,Company_100,Cybersecurity,US,01-11-2024,Enterprise,FALSE,Pro,3831,45972,56,567,3070.6607,42,8,48.75,98.125,3.125,31-12-2024,4,59,1
A-186a44,Company_101,HealthTech,US,07-08-2023,Enterprise,FALSE,Pro,20989,251868,61,614,3369.4918,25,7,38.28571429,110.4286,2,NULL,NULL,972,0
A-e888d1,Company_102,Cybersecurity,US,28-03-2023,Pro,FALSE,Pro,13646,163752,52,552,3040.1346,36,5,43,104,2.4,29-11-2024,3,568,1
A-69fad4,Company_103,FinTech,UK,06-04-2023,Basic,FALSE,Pro,8721,104652,39,412,3196.0513,24,4,43,116.75,2.75,17-06-2024,1,329,1
A-9289f6,Company_104,EdTech,US,31-05-2023,Enterprise,FALSE,Pro,13096,157152,68,642,2946.6912,38,6,37.5,70,2.166666667,24-08-2023,1,51,1
A-f19409,Company_105,DevTools,US,16-03-2023,Basic,FALSE,Pro,34136,409632,62,659,3384.0645,31,3,6.333333333,103.3333,1.333333333,25-05-2023,2,33,1
A-22f2df,Company_106,DevTools,US,14-12-2024,Basic,FALSE,Pro,7451,89412,42,429,2836.3571,17,5,44.8,71.6,1,NULL,NULL,491,0
A-039727,Company_107,EdTech,AU,02-11-2024,Pro,FALSE,Pro,36420,437040,74,768,3372.2297,32,NULL,NULL,NULL,NULL,22-12-2024,1,45,1
A-2e3bad,Company_108,FinTech,CA,13-08-2023,Pro,FALSE,Pro,45872,550464,45,435,2749.7333,26,5,31.4,107,1.4,30-03-2024,1,224,1
A-484819,Company_109,HealthTech,US,21-02-2023,Pro,FALSE,Enterprise,20604,247248,33,336,3517.4545,20,5,33.2,139.6,1.8,29-12-2023,2,309,1
A-425e76,Company_110,DevTools,UK,17-05-2023,Enterprise,FALSE,Pro,17111,205332,48,438,2842.0625,24,5,48.2,119.2,2,22-10-2024,4,489,1
A-e83938,Company_111,DevTools,UK,21-11-2023,Pro,TRUE,Pro,7503,90036,31,266,2814.4839,18,4,31,72.5,0.75,29-12-2024,3,325,1
A-ad296b,Company_112,DevTools,AU,15-07-2024,Pro,FALSE,Pro,18430,221160,31,294,3348.5484,12,3,28.33333333,83.3333,3.666666667,NULL,NULL,637,0
A-e51ec7,Company_113,FinTech,CA,23-09-2023,Enterprise,FALSE,Pro,24076,288912,40,417,3168.625,18,3,37,93.3333,1.666666667,07-04-2024,3,132,1
A-0aaf6e,Company_114,FinTech,US,11-05-2024,Enterprise,FALSE,Pro,24084,289008,57,599,3025.2982,39,5,45,75.4,1.6,NULL,NULL,674,0
A-e61e98,Company_115,FinTech,US,20-10-2023,Enterprise,FALSE,Pro,13484,161808,56,527,2357.0357,25,6,30.33333333,88.5,3.833333333,19-10-2024,1,349,1
A-92a333,Company_116,FinTech,US,24-03-2023,Enterprise,FALSE,Pro,10659,127908,36,364,2879.0278,30,4,23.25,58.25,0,NULL,NULL,991,0
A-95b24a,Company_117,FinTech,US,06-06-2023,Pro,FALSE,Pro,25034,300408,62,611,3046.0645,34,5,21.2,90.4,3.4,NULL,NULL,1012,0
A-42e5e1,Company_118,DevTools,US,09-07-2024,Pro,FALSE,Pro,8916,106992,41,411,2846.439,41,3,29,81.3333,4,04-10-2024,1,75,1
A-7d514c,Company_119,HealthTech,DE,03-02-2024,Enterprise,FALSE,Pro,24274,291288,48,502,3056.3958,30,3,33.33333333,49.6667,1.666666667,NULL,NULL,798,0
A-65aeb5,Company_120,DevTools,US,25-01-2024,Pro,FALSE,Pro,34392,412704,55,533,2691.5273,40,2,42.5,159.5,2.5,02-12-2024,2,304,1
A-e2cd1b,Company_121,DevTools,US,04-02-2024,Enterprise,FALSE,Pro,12548,150576,49,465,2817.2041,18,5,37.8,76,3.2,NULL,NULL,789,0
A-180abf,Company_122,DevTools,US,14-08-2023,Pro,FALSE,Pro,37312,447744,48,499,2838.5417,28,3,36.33333333,62.3333,1,12-09-2024,5,362,1
A-f17767,Company_123,DevTools,US,30-01-2023,Enterprise,TRUE,Pro,16139,193668,69,713,3028.6522,38,3,36.33333333,115,2.666666667,03-05-2023,1,77,1
A-5a184f,Company_124,DevTools,DE,19-06-2023,Enterprise,FALSE,Pro,20683,248196,57,587,3081.2105,29,3,15.33333333,42.3333,4.333333333,11-09-2024,3,377,1
A-7df7a7,Company_125,DevTools,US,28-01-2023,Basic,FALSE,Pro,29155,349860,91,922,2822.0989,47,3,28,93,4,10-07-2024,1,521,1
A-1ac5e0,Company_126,DevTools,US,20-10-2024,Basic,FALSE,Pro,18249,218988,56,558,2998.2857,31,7,40.42857143,76,2.714285714,NULL,NULL,544,0
A-52dd88,Company_127,Cybersecurity,US,21-02-2023,Pro,FALSE,Pro,16592,199104,50,516,3616.46,33,1,72,111,0,NULL,NULL,1122,0
A-bece89,Company_128,Cybersecurity,IN,01-12-2023,Pro,FALSE,Pro,19250,231000,19,176,2532.2105,13,4,32.5,103.75,3,27-07-2024,2,191,1
A-029f69,Company_129,Cybersecurity,CA,07-03-2024,Basic,FALSE,Pro,14638,175656,84,789,2872.3214,42,2,42,108,1.5,14-12-2024,3,219,1
A-5c046d,Company_130,EdTech,FR,06-07-2024,Basic,FALSE,Pro,83886,1006632,46,475,2781,23,1,13,128,3,NULL,NULL,637,0
A-fb186e,Company_131,EdTech,IN,27-10-2024,Basic,FALSE,Enterprise,5771,69252,20,207,3608.5,7,6,26.16666667,81,1.833333333,NULL,NULL,521,0
A-ae052e,Company_132,FinTech,CA,11-09-2023,Basic,FALSE,Pro,7693,92316,29,300,3047.6897,12,4,31.25,60.5,2,14-12-2024,4,327,1
A-9f9299,Company_133,FinTech,US,02-09-2023,Enterprise,TRUE,Pro,42403,508836,85,830,3040.7647,54,5,36.2,116.2,1,08-10-2024,2,319,1
A-96e141,Company_134,DevTools,UK,12-08-2023,Basic,FALSE,Pro,15468,185616,36,346,2266.3056,19,5,32.8,68.4,2.6,22-09-2024,2,344,1
A-117171,Company_135,HealthTech,FR,12-09-2024,Basic,FALSE,Pro,12015,144180,21,208,2850.6667,11,6,32.5,68.3333,1.833333333,14-11-2024,3,43,1
A-313be3,Company_136,EdTech,US,15-11-2023,Enterprise,TRUE,Pro,19006,228072,57,560,2886.7544,40,4,22.5,80.25,1.25,23-03-2024,2,119,1
A-671f31,Company_137,DevTools,US,24-11-2024,Basic,FALSE,Pro,30385,364620,17,167,2555.8235,16,7,33,78,3,NULL,NULL,510,0
A-bbc346,Company_138,FinTech,US,29-08-2024,Enterprise,FALSE,Pro,33122,397464,62,650,2893.1613,37,3,45.33333333,102.6667,3,03-11-2024,2,64,1
A-c16101,Company_139,EdTech,IN,06-09-2024,Basic,FALSE,Pro,12422,149064,55,561,3381.5273,29,4,28,82,1.25,19-12-2024,2,104,1
A-50f3f7,Company_140,HealthTech,US,22-12-2023,Basic,FALSE,Pro,44077,528924,72,685,2873.5139,45,6,37.83333333,67.8333,2.5,NULL,NULL,837,0
A-7da956,Company_141,Cybersecurity,US,02-06-2024,Pro,TRUE,Pro,10963,131556,51,543,2949.6275,35,3,32.66666667,88,1.666666667,NULL,NULL,675,0
A-019782,Company_142,DevTools,FR,19-04-2023,Enterprise,FALSE,Pro,8353,100236,55,562,2924.5091,30,2,10,107,1.5,NULL,NULL,1048,0
A-df10db,Company_143,DevTools,US,06-06-2023,Enterprise,TRUE,Pro,11730,140760,64,697,3359,40,2,68.5,86.5,3,12-07-2024,2,322,1
A-3932db,Company_144,HealthTech,CA,04-10-2023,Pro,TRUE,Pro,14087,169044,46,434,2933.9783,28,6,41,86.5,2.166666667,NULL,NULL,863,0
A-4f18f0,Company_145,DevTools,CA,21-04-2024,Pro,TRUE,Pro,30264,363168,57,544,2948.2632,25,5,39.2,61.4,3.2,01-12-2024,2,220,1
A-4c6f11,Company_146,FinTech,CA,27-11-2023,Pro,TRUE,Pro,7586,91032,24,268,3535.625,4,3,44.66666667,63,4.333333333,18-10-2024,2,202,1
A-8ae05d,Company_147,FinTech,IN,06-04-2024,Enterprise,FALSE,Pro,26230,314760,20,203,3872.3,10,1,47,48,4,30-08-2024,1,90,1
A-b78bf8,Company_148,DevTools,US,15-11-2024,Pro,FALSE,Pro,22423,269076,42,421,2947.6667,11,5,24.2,88.8,4.2,06-12-2024,1,19,1
A-eafc6e,Company_149,DevTools,US,06-07-2023,Pro,FALSE,Pro,16229,194748,32,300,2819.3125,15,1,64,136,0,12-12-2024,2,492,1
A-37f969,Company_150,HealthTech,IN,14-10-2023,Enterprise,FALSE,Pro,22959,275508,32,312,3370.375,14,5,22.2,94,2.2,12-12-2024,4,415,1
A-10b8f2,Company_151,HealthTech,DE,11-01-2023,Basic,TRUE,Pro,30719,368628,56,560,3092.5536,23,3,46.33333333,67,4.333333333,04-06-2024,1,485,1
A-439b2f,Company_152,DevTools,US,21-02-2024,Enterprise,FALSE,Pro,1796,21552,20,171,2713.55,5,3,18.33333333,85.3333,0,18-11-2024,2,254,1
A-544d0a,Company_153,DevTools,US,02-05-2024,Basic,TRUE,Pro,18492,221904,47,510,3251.617,22,2,38.5,98,4,NULL,NULL,697,0
A-ba6516,Company_154,FinTech,US,29-10-2023,Pro,FALSE,Pro,28379,340548,60,642,3559.2333,32,6,31.5,71,2.666666667,17-03-2024,1,67,1
A-712426,Company_155,HealthTech,US,10-11-2024,Enterprise,FALSE,Pro,11197,134364,70,696,3066.8714,31,6,37.33333333,79.1667,3.666666667,23-12-2024,3,43,1
A-038089,Company_156,DevTools,FR,19-12-2023,Pro,FALSE,Pro,2104,25248,20,210,3183.65,15,6,30.16666667,86.1667,1.833333333,25-12-2024,2,181,1
A-afa505,Company_157,DevTools,US,27-12-2023,Basic,TRUE,Pro,66010,792120,51,507,3189.6667,28,4,37.25,88.25,1.5,02-03-2024,1,54,1
A-d5a319,Company_158,FinTech,US,04-05-2023,Enterprise,FALSE,Pro,37847,454164,59,604,3604.322,43,1,17,132,4,NULL,NULL,1029,0
A-f97b9a,Company_159,FinTech,US,09-07-2023,Pro,FALSE,Pro,23833,285996,56,561,3093.5893,33,7,31.71428571,69.8571,1.571428571,NULL,NULL,954,0
A-2f6a32,Company_160,HealthTech,US,26-08-2024,Basic,FALSE,Pro,7513,90156,66,654,3140.6515,46,2,41,72,3.5,NULL,NULL,582,0
A-856b1e,Company_161,FinTech,US,31-10-2023,Basic,FALSE,Pro,6321,75852,23,230,2757.3043,24,5,36,79.4,0,NULL,NULL,901,0
A-17939a,Company_162,HealthTech,US,26-12-2024,Basic,FALSE,Pro,9669,116028,47,440,2589.8936,43,7,38,83.4286,2.571428571,NULL,NULL,481,0
A-d27f50,Company_163,Cybersecurity,UK,20-07-2024,Enterprise,FALSE,Pro,44815,537780,50,481,3402.02,31,4,37.5,116.5,3.75,NULL,NULL,638,0
A-e36807,Company_164,EdTech,AU,17-05-2024,Pro,FALSE,Pro,12569,150828,49,446,2874.4694,27,2,41,152,4.5,NULL,NULL,689,0
A-ff79f2,Company_165,DevTools,US,25-04-2024,Basic,FALSE,Pro,27873,334476,41,393,3264.5854,12,2,50,82.5,0,NULL,NULL,692,0
A-5b1bcd,Company_166,DevTools,US,16-09-2023,Pro,FALSE,Pro,133298,1599576,86,869,2921.907,54,4,43.25,92.5,2.25,07-08-2024,1,319,1
A-71615e,Company_167,EdTech,US,18-05-2024,Basic,FALSE,Pro,40713,488556,62,620,3141.9194,41,1,49,77,0,16-07-2024,1,19,1
A-794a0b,Company_168,HealthTech,DE,02-06-2023,Basic,FALSE,Pro,10575,126900,38,347,2478.9474,31,NULL,NULL,NULL,NULL,09-09-2024,1,399,1
A-86902e,Company_169,HealthTech,IN,02-05-2023,Enterprise,FALSE,Pro,36041,432492,63,628,3211.5714,36,9,40.88888889,71.4444,1.555555556,07-12-2024,1,505,1
A-0532a9,Company_170,FinTech,IN,25-09-2024,Pro,FALSE,Pro,15161,181932,54,519,2922.0741,30,8,30.75,73.375,0.375,09-10-2024,1,13,1
A-9779ad,Company_171,Cybersecurity,AU,29-03-2024,Pro,TRUE,Pro,51680,620160,43,413,2536.7209,25,3,20.66666667,116.3333,1.666666667,11-08-2024,3,126,1
A-f45426,Company_172,HealthTech,US,05-08-2024,Basic,FALSE,Pro,17289,207468,61,624,3141.8197,49,3,17,69,1.333333333,13-11-2024,2,100,1
A-c1e51e,Company_173,FinTech,US,02-10-2024,Basic,FALSE,Pro,23905,286860,50,518,3044.56,36,5,40,75.6,3.2,20-12-2024,2,61,1
A-fa3095,Company_174,FinTech,US,03-09-2023,Basic,FALSE,Pro,69230,830760,59,600,3425.4237,42,5,49.2,84,2,23-12-2023,1,96,1
A-ad64c6,Company_175,DevTools,UK,23-02-2024,Pro,FALSE,Pro,14708,176496,20,215,3980.25,18,4,34,98.5,1.25,29-07-2024,2,144,1
A-39b19f,Company_176,FinTech,US,03-02-2023,Enterprise,FALSE,Pro,21237,254844,55,530,2455.6545,37,6,47.83333333,87.5,2.833333333,11-03-2023,1,16,1
A-56962b,Company_177,EdTech,UK,09-04-2024,Enterprise,FALSE,Pro,54605,655260,29,271,2825.6552,25,4,37.5,105.5,0.75,26-08-2024,2,103,1
A-e60f9d,Company_178,FinTech,US,26-08-2024,Basic,FALSE,Pro,50817,609804,62,629,2557.8548,24,2,70.5,106.5,0,NULL,NULL,581,0
A-88c6ca,Company_179,FinTech,DE,25-10-2024,Basic,FALSE,Pro,6449,77388,43,446,3027.7907,19,1,56,12,0,NULL,NULL,536,0
A-158f4e,Company_180,FinTech,IN,03-03-2023,Enterprise,FALSE,Pro,43859,526308,49,453,2539.9592,29,5,27.6,126,2.6,04-12-2024,2,551,1
A-5b051a,Company_181,Cybersecurity,US,05-08-2024,Enterprise,FALSE,Pro,2332,27984,16,171,2804,17,1,2,2,3,NULL,NULL,580,0
A-296d7c,Company_182,DevTools,DE,08-11-2023,Enterprise,FALSE,Pro,1989,23868,33,357,3780.3939,18,5,50.4,105.2,3,04-11-2024,1,279,1
A-1619f8,Company_183,DevTools,US,20-05-2024,Pro,FALSE,Pro,19790,237480,42,432,3399.6905,26,3,42,81,1.666666667,21-09-2024,3,104,1
A-a1b80b,Company_184,HealthTech,US,27-11-2023,Basic,FALSE,Pro,34589,415068,72,749,3091.8056,48,4,41,72.5,3,11-07-2024,1,122,1
A-139c3b,Company_185,HealthTech,US,21-11-2024,Enterprise,TRUE,Pro,9027,108324,44,478,3422.75,16,9,28.44444444,66.1111,2,NULL,NULL,511,0
A-702032,Company_186,HealthTech,US,03-10-2023,Pro,FALSE,Pro,8540,102480,26,285,3529.8462,15,4,26,98.25,1.5,14-06-2024,2,51,1
A-7a0d69,Company_187,DevTools,DE,15-06-2024,Enterprise,TRUE,Pro,10362,124344,61,606,2937.1639,31,2,29,52.5,2.5,29-12-2024,3,161,1
A-22d9d2,Company_188,DevTools,FR,22-03-2024,Pro,FALSE,Pro,18746,224952,75,782,3195.72,43,6,16,88,2.666666667,17-10-2024,1,204,1
A-b9eed8,Company_189,Cybersecurity,US,23-02-2024,Basic,FALSE,Pro,16577,198924,61,623,2761.8689,55,5,29.2,103.8,3,23-04-2024,1,38,1
A-dfbd31,Company_190,DevTools,UK,04-12-2023,Enterprise,FALSE,Pro,25079,300948,54,599,3375.4259,19,6,29.66666667,129.8333,2.833333333,19-12-2024,2,375,1
A-8e47ca,Company_191,HealthTech,US,15-02-2024,Pro,FALSE,Pro,28120,337440,46,441,2902.1087,35,5,33.4,80.6,1.6,31-12-2024,3,308,1
A-4437e4,Company_192,Cybersecurity,US,16-09-2023,Enterprise,FALSE,Pro,17831,213972,83,806,3135.7952,43,6,34.66666667,125.3333,1,21-06-2024,1,217,1
A-779e4e,Company_193,HealthTech,US,02-01-2023,Basic,FALSE,Pro,28081,336972,44,393,2523.5909,20,5,26.6,91.6,3.2,NULL,NULL,1198,0
A-53f4e3,Company_194,Cybersecurity,UK,14-06-2024,Enterprise,FALSE,Pro,15072,180864,44,410,2898.3864,45,5,28.6,99,2.4,06-12-2024,1,172,1
A-692f18,Company_195,EdTech,US,28-03-2024,Basic,TRUE,Pro,30550,366600,87,871,3010.4713,55,2,37.5,120,2.5,23-12-2024,1,269,1
A-13466a,Company_196,DevTools,AU,22-10-2023,Basic,FALSE,Enterprise,13343,160116,22,205,2615.4091,14,3,32.33333333,94.3333,4.333333333,18-04-2024,2,152,1
A-1986ca,Company_197,HealthTech,IN,30-01-2023,Pro,FALSE,Enterprise,27661,331932,37,362,2767.0811,23,7,36.57142857,106.5714,2.428571429,NULL,NULL,1020,0
A-0cc442,Company_198,EdTech,US,18-07-2024,Basic,FALSE,Pro,61935,743220,77,765,2996.8701,41,3,37,47.3333,1,23-10-2024,4,88,1
A-c608c8,Company_199,DevTools,DE,27-04-2023,Pro,FALSE,Pro,9514,114168,43,445,3356.8605,27,2,59,66,1.5,04-06-2024,1,340,1
A-3be56b,Company_200,HealthTech,IN,26-10-2023,Pro,FALSE,Pro,17040,204480,55,528,3089.2364,33,4,40.25,74,3.5,20-06-2024,2,211,1
A-354f12,Company_201,FinTech,US,28-04-2024,Pro,TRUE,Enterprise,8889,106668,15,158,3234,3,2,56.5,137.5,0,19-09-2024,1,114,1
A-68f37c,Company_202,HealthTech,US,15-07-2023,Basic,FALSE,Pro,32270,387240,65,624,3119.3231,40,5,20.2,119.8,0.8,18-12-2024,4,513,1
A-aa9511,Company_203,DevTools,US,10-10-2023,Pro,TRUE,Pro,60970,731640,65,625,2915.7846,35,2,56.5,98.5,2,17-10-2023,1,6,1
A-af0cd2,Company_204,Cybersecurity,IN,03-01-2023,Enterprise,TRUE,Pro,6460,77520,70,687,3219.5143,33,3,54.33333333,149.3333,0,26-10-2023,1,287,1
A-bd4513,Company_205,DevTools,AU,06-11-2024,Enterprise,TRUE,Pro,52204,626448,51,507,3089.1569,34,3,42,58.6667,4.666666667,09-12-2024,2,27,1
A-c222ab,Company_206,Cybersecurity,US,10-05-2024,Pro,FALSE,Pro,18656,223872,45,435,2965.3556,33,4,39,94.5,1.25,05-10-2024,3,42,1
A-34d880,Company_207,Cybersecurity,AU,11-04-2024,Enterprise,FALSE,Pro,20964,251568,47,474,3072.8511,40,5,52.2,90.8,3,20-12-2024,1,246,1
A-508199,Company_208,FinTech,AU,28-01-2024,Basic,FALSE,Enterprise,8436,101232,24,231,3349.5417,15,3,50.66666667,67.3333,1,NULL,NULL,812,0
A-f03140,Company_209,DevTools,IN,22-11-2023,Pro,TRUE,Pro,21075,252900,57,595,3455.5263,22,7,36,113.1429,1.571428571,03-10-2024,1,297,1
A-410e86,Company_210,FinTech,US,10-11-2024,Basic,FALSE,Pro,15960,191520,30,292,3581.4333,21,5,42.6,110,1.4,NULL,NULL,521,0
A-fa2041,Company_211,HealthTech,US,29-05-2024,Pro,TRUE,Pro,20915,250980,61,552,2578.082,34,1,16,99,3,13-07-2024,1,32,1
A-de58ca,Company_212,HealthTech,DE,13-04-2023,Enterprise,FALSE,Pro,23905,286860,49,505,2896.7755,33,5,30.6,115,2,NULL,NULL,1097,0
A-05d3b3,Company_213,DevTools,AU,28-05-2023,Basic,TRUE,Pro,12610,151320,64,642,3021.2969,22,6,31.5,48.3333,2.166666667,09-09-2024,2,425,1
A-249769,Company_214,Cybersecurity,US,25-04-2024,Enterprise,FALSE,Pro,15717,188604,68,678,2849.6618,30,2,39.5,96.5,4,16-12-2024,2,191,1
A-e43bf7,Company_215,Cybersecurity,AU,24-03-2023,Pro,FALSE,Pro,46666,559992,40,371,2586.375,35,5,27.4,80,2.4,24-06-2023,1,34,1
A-eb2fdc,Company_216,DevTools,AU,21-11-2023,Enterprise,FALSE,Pro,31968,383616,54,547,3234.5,17,5,33.6,37.6,3.6,26-05-2024,1,92,1
A-e1462e,Company_217,FinTech,UK,12-03-2023,Basic,FALSE,Pro,12030,144360,35,347,2802.7714,22,2,39.5,118.5,3.5,05-12-2024,2,612,1
A-cab532,Company_218,DevTools,FR,03-04-2023,Pro,TRUE,Pro,20088,241056,101,1005,2709.297,47,1,32,175,4,10-07-2024,1,446,1
A-9123ac,Company_219,Cybersecurity,DE,20-06-2023,Pro,FALSE,Pro,14751,177012,37,386,3243.6216,24,6,38.83333333,91.6667,3.5,23-10-2024,2,364,1
A-6e08f3,Company_220,Cybersecurity,US,27-02-2023,Basic,FALSE,Pro,18190,218280,50,492,2981.56,21,2,36.5,137,3.5,10-02-2024,1,200,1
A-d922bf,Company_221,HealthTech,US,08-09-2023,Basic,TRUE,Enterprise,17114,205368,41,419,3271.1951,19,7,39.14285714,101.1429,1.428571429,06-12-2024,1,404,1
A-8ed5dd,Company_222,EdTech,UK,29-06-2023,Enterprise,FALSE,Pro,11956,143472,55,545,3149.4,45,6,29,96.8333,2.5,02-11-2024,2,452,1
A-7c6b6b,Company_223,FinTech,US,30-11-2024,Basic,FALSE,Pro,4818,57816,35,311,2356.3143,24,5,52.2,82.4,2.6,09-12-2024,1,3,1
A-3c1a3f,Company_224,DevTools,UK,26-08-2023,Pro,FALSE,Pro,14909,178908,51,497,3379.2353,22,4,33.25,56.5,1.75,NULL,NULL,964,0
A-b48f73,Company_225,EdTech,AU,13-11-2024,Pro,TRUE,Pro,28320,339840,44,412,2691.2727,23,3,28.66666667,35.3333,2.666666667,NULL,NULL,522,0
A-76fa4d,Company_226,HealthTech,US,24-11-2024,Pro,FALSE,Pro,61686,740232,36,357,3506.9722,21,5,33.4,111.8,3.6,03-12-2024,2,7,1
A-b2af2e,Company_227,Cybersecurity,UK,24-08-2024,Enterprise,FALSE,Pro,3112,37344,18,174,3345.2222,11,2,39.5,95,4,14-11-2024,1,80,1
A-9bfc9f,Company_228,DevTools,CA,14-09-2023,Pro,FALSE,Pro,15342,184104,37,376,2969.2432,18,6,35.33333333,84.3333,1.666666667,NULL,NULL,945,0
A-4ae22a,Company_229,EdTech,US,09-05-2024,Pro,FALSE,Pro,9432,113184,35,369,4068.2,31,3,14.33333333,72.6667,1,20-07-2024,1,53,1
A-fda07f,Company_230,Cybersecurity,FR,11-08-2024,Basic,FALSE,Pro,28418,341016,65,681,3559.6308,39,5,17.8,57,2.4,13-09-2024,1,20,1
A-de24d5,Company_231,DevTools,US,05-11-2024,Enterprise,TRUE,Pro,21327,255924,53,537,2646.5283,28,7,43.14285714,103.4286,0.857142857,NULL,NULL,531,0
A-977ca0,Company_232,HealthTech,IN,20-02-2023,Basic,FALSE,Pro,30055,360660,85,893,2857.1765,46,3,64,123,1.333333333,NULL,NULL,1156,0
A-ab438f,Company_233,Cybersecurity,US,13-09-2024,Enterprise,FALSE,Pro,16358,196296,36,369,3095.8889,12,2,33.5,112.5,3.5,02-12-2024,1,45,1
A-e89151,Company_234,FinTech,UK,14-09-2023,Pro,TRUE,Pro,21734,260808,58,601,3254.931,29,2,41.5,48.5,2.5,NULL,NULL,889,0
A-40906c,Company_235,EdTech,US,27-03-2024,Basic,FALSE,Pro,64400,772800,63,685,3337.1905,32,5,29.2,95,3,NULL,NULL,693,0
A-81edc3,Company_236,Cybersecurity,IN,30-10-2023,Basic,FALSE,Pro,17524,210288,74,765,3311.8919,41,3,52.66666667,70,2.666666667,16-12-2024,3,405,1
A-328bd0,Company_237,HealthTech,AU,16-05-2023,Enterprise,FALSE,Pro,15979,191748,61,568,2659.1803,49,5,46,68.2,2.2,NULL,NULL,985,0
A-b3fe05,Company_238,Cybersecurity,CA,28-05-2024,Pro,FALSE,Pro,24494,293928,43,438,3301.4419,18,4,48.25,94.25,1.5,NULL,NULL,684,0
A-09540c,Company_239,Cybersecurity,CA,30-10-2023,Basic,TRUE,Pro,23718,284616,28,297,3382,16,2,28,89,4.5,05-03-2024,1,-37,1
A-e693b6,Company_240,FinTech,AU,25-05-2023,Enterprise,FALSE,Pro,34155,409860,61,681,3379.7869,25,1,1,144,3,10-10-2024,1,436,1
A-2446e3,Company_241,EdTech,IN,10-01-2024,Pro,FALSE,Pro,24138,289656,48,496,3146.6042,32,3,28.66666667,104.6667,4,29-07-2024,2,190,1
A-241e75,Company_242,EdTech,US,03-07-2024,Enterprise,FALSE,Pro,3594,43128,28,266,3580.6071,20,4,31.5,101,2.25,19-12-2024,2,161,1
A-922109,Company_243,Cybersecurity,US,26-01-2024,Pro,FALSE,Pro,14118,169416,79,819,3474.2278,34,3,25.33333333,127,1,17-12-2024,2,269,1
A-ff3c73,Company_244,HealthTech,AU,26-01-2023,Pro,FALSE,Pro,4335,52020,40,408,3599.725,23,2,35.5,97.5,3.5,09-05-2024,2,399,1
A-8b0451,Company_245,FinTech,UK,16-09-2024,Enterprise,FALSE,Pro,31709,380508,60,606,2965.5,45,7,26.57142857,83.7143,2,29-12-2024,1,99,1
A-331424,Company_246,DevTools,US,06-11-2023,Basic,FALSE,Pro,6776,81312,20,214,3808.5,9,2,24.5,98.5,0,21-02-2024,1,48,1
A-51ec1b,Company_247,DevTools,US,08-11-2023,Enterprise,FALSE,Pro,11087,133044,28,283,3970.0714,12,3,52.33333333,150,3.333333333,09-12-2023,1,-63,1
A-bcf664,Company_248,DevTools,US,19-05-2023,Pro,FALSE,Pro,13728,164736,56,575,3248.5714,28,5,36,110.6,2.4,04-10-2024,3,476,1
A-90a8c8,Company_249,FinTech,AU,24-08-2024,Pro,FALSE,Pro,26514,318168,41,404,3109.4146,20,4,45,29.5,3.25,29-08-2024,1,4,1
A-86cdb4,Company_250,DevTools,DE,22-09-2024,Basic,FALSE,Pro,3551,42612,49,492,3412.7755,24,5,26.4,105.8,2.6,NULL,NULL,562,0
A-4bfa33,Company_251,Cybersecurity,US,07-12-2024,Basic,TRUE,Pro,5606,67272,36,329,2173.4444,17,4,16.5,84.75,2.75,28-12-2024,3,18,1
A-dbc825,Company_252,EdTech,FR,07-01-2024,Enterprise,FALSE,Pro,42404,508848,72,730,2955.5694,58,6,49.5,108.1667,1.333333333,03-02-2024,2,15,1
A-c70870,Company_253,Cybersecurity,US,22-10-2024,Basic,FALSE,Pro,39614,475368,34,334,3127.5882,18,5,35.6,105.8,2.4,13-12-2024,1,32,1
A-7c4956,Company_254,DevTools,US,06-05-2023,Enterprise,FALSE,Pro,3409,40908,45,475,2882.3778,40,3,13.66666667,66.6667,1.333333333,NULL,NULL,1051,0
A-0651a4,Company_255,HealthTech,FR,16-10-2024,Pro,FALSE,Pro,44564,534768,69,705,2919.2174,37,4,29.25,48.5,2,25-12-2024,2,59,1
A-3ce5b8,Company_256,FinTech,IN,07-09-2023,Basic,FALSE,Pro,16650,199800,50,509,2956.04,29,10,42.5,101.8,2.6,18-09-2024,1,278,1
A-bd4708,Company_257,FinTech,US,21-07-2024,Pro,TRUE,Pro,38975,467700,64,653,3154.6406,30,4,24,90.75,1.75,NULL,NULL,636,0
A-993085,Company_258,HealthTech,US,01-06-2023,Basic,TRUE,Pro,48456,581472,70,665,3085.9286,50,4,46.5,82,1.75,21-01-2024,2,169,1
A-92a3af,Company_259,Cybersecurity,IN,07-07-2024,Enterprise,FALSE,Pro,34538,414456,67,714,3256.5522,55,4,57.5,39,2,NULL,NULL,637,0
A-151c9a,Company_260,FinTech,US,27-01-2023,Enterprise,FALSE,Pro,14250,171000,34,366,3556.0882,14,2,31,156.5,3.5,04-11-2023,1,180,1
A-474ad4,Company_261,EdTech,US,28-11-2023,Basic,FALSE,Pro,12125,145500,64,605,2864.9219,45,3,33,50.6667,1.666666667,NULL,NULL,869,0
A-4ef964,Company_262,HealthTech,US,07-03-2024,Pro,FALSE,Pro,14279,171348,49,487,3074.7551,33,3,42.66666667,86.3333,2.666666667,19-06-2024,1,79,1
A-fd9422,Company_263,Cybersecurity,US,04-04-2024,Pro,FALSE,Pro,28130,337560,44,456,3257.1136,21,6,44.33333333,116.8333,3.5,NULL,NULL,713,0
A-0baac2,Company_264,FinTech,DE,30-05-2024,Enterprise,FALSE,Enterprise,18500,222000,21,202,3483.8571,9,6,43.5,89,2.166666667,24-12-2024,4,205,1
A-bb1486,Company_265,HealthTech,US,05-11-2024,Basic,FALSE,Pro,16307,195684,42,405,2832.0238,36,3,11,78,1,23-11-2024,2,10,1
A-560d27,Company_266,DevTools,US,05-05-2024,Pro,FALSE,Pro,41641,499692,59,587,3146.0339,38,4,30.75,59.75,2.75,NULL,NULL,690,0
A-0b0d6d,Company_267,DevTools,US,30-12-2024,Pro,FALSE,Pro,33491,401892,62,582,2619.5323,48,5,31.4,90.4,1.6,31-12-2024,1,1,1
A-2789e3,Company_268,FinTech,US,14-09-2024,Enterprise,FALSE,Pro,24489,293868,65,680,3167.3385,45,4,47.25,83.25,3,NULL,NULL,580,0
A-b07346,Company_269,HealthTech,US,10-10-2024,Pro,FALSE,Enterprise,31416,376992,33,326,3240.697,22,3,42.33333333,76.6667,2.333333333,12-11-2024,1,6,1
A-902ef7,Company_270,HealthTech,US,03-09-2024,Enterprise,FALSE,Pro,44322,531864,40,414,3646.95,24,2,48.5,85,2,26-09-2024,1,21,1
A-20736a,Company_271,EdTech,IN,16-03-2024,Enterprise,FALSE,Pro,40525,486300,42,430,2581.1429,22,4,42.25,78.25,3.75,19-03-2024,1,-51,1
A-e4bf56,Company_272,HealthTech,IN,28-10-2024,Pro,FALSE,Pro,18926,227112,33,339,3499.6364,10,8,29.125,111.5,2.75,NULL,NULL,520,0
A-cea1f0,Company_273,FinTech,US,07-04-2024,Pro,FALSE,Pro,12244,146928,56,586,2878.3571,28,5,42.2,107.4,2.6,NULL,NULL,689,0
A-ef84cf,Company_274,EdTech,US,01-03-2024,Enterprise,FALSE,Enterprise,7507,90084,28,309,3586.4286,11,5,34.8,79.4,2.6,20-11-2024,3,253,1
A-d49cc5,Company_275,Cybersecurity,FR,19-09-2023,Basic,FALSE,Pro,13325,159900,41,436,3486.1707,34,4,32,55.25,2.25,12-04-2024,1,59,1
A-67be94,Company_276,EdTech,US,04-04-2023,Enterprise,FALSE,Pro,21930,263160,42,416,3028.5,17,5,38.6,51,1.6,30-06-2024,2,306,1
A-4e960a,Company_277,FinTech,US,17-01-2024,Enterprise,TRUE,Pro,23942,287304,49,512,3141.6939,21,6,29.16666667,83.1667,2,NULL,NULL,804,0
A-c37cab,Company_278,Cybersecurity,UK,29-07-2024,Pro,FALSE,Pro,29433,353196,70,708,2904.4143,40,4,33,101.25,3.75,16-11-2024,2,109,1
A-533452,Company_279,DevTools,AU,12-11-2024,Pro,FALSE,Pro,20664,247968,63,595,2741.6825,44,4,32.75,35.5,2,16-12-2024,4,25,1
A-443b7c,Company_280,Cybersecurity,US,06-09-2024,Enterprise,FALSE,Pro,24062,288744,63,618,3095.8571,29,8,29.25,49,2.75,NULL,NULL,582,0
A-1f7acb,Company_281,FinTech,UK,06-08-2023,Basic,TRUE,Pro,46912,562944,53,510,3095.6226,47,7,41.71428571,129.5714,3.142857143,NULL,NULL,963,0
A-f51f16,Company_282,HealthTech,US,25-12-2023,Enterprise,FALSE,Pro,13310,159720,37,384,3948.4595,28,4,29.25,91,1.5,07-12-2024,2,293,1
A-5a3eb9,Company_283,DevTools,CA,20-08-2023,Enterprise,TRUE,Pro,20293,243516,69,722,3143.1884,34,3,24,83,0,12-06-2024,3,266,1
A-5f2961,Company_284,HealthTech,US,22-11-2024,Basic,FALSE,Pro,10299,123588,36,348,2861.75,19,1,53,19,0,28-11-2024,1,1,1
A-417d2f,Company_285,Cybersecurity,IN,04-07-2023,Pro,TRUE,Pro,22933,275196,71,722,2907.0563,31,6,43.5,80.5,2.166666667,30-12-2024,1,545,1
A-e98302,Company_286,EdTech,US,26-12-2023,Enterprise,TRUE,Pro,12567,150804,30,273,2958.3667,18,9,44.44444444,99.4444,3.222222222,NULL,NULL,821,0
A-8bde0c,Company_287,DevTools,US,04-11-2024,Basic,FALSE,Pro,34198,410376,80,773,3011.35,43,3,25.66666667,86.3333,2.666666667,30-12-2024,2,56,1
A-bcf87c,Company_288,FinTech,US,27-06-2024,Pro,FALSE,Pro,21770,261240,54,503,2733.1481,19,2,63,49.5,4,NULL,NULL,638,0
A-54ecc2,Company_289,Cybersecurity,US,11-06-2023,Enterprise,FALSE,Pro,16168,194016,56,607,3276.75,39,5,37.4,72,2,23-11-2024,3,465,1
A-625d0b,Company_290,EdTech,AU,02-09-2024,Basic,FALSE,Pro,11893,142716,54,529,2620.1667,38,5,48.4,72.4,0.6,NULL,NULL,573,0
A-fce879,Company_291,EdTech,UK,24-09-2024,Pro,TRUE,Pro,6797,81564,27,299,3657.037,14,2,28,61.5,4,03-12-2024,2,66,1
A-b07b56,Company_292,DevTools,US,08-11-2024,Pro,FALSE,Pro,16984,203808,64,633,2897.8438,39,4,31.25,93.75,0.75,24-12-2024,1,38,1
A-6da850,Company_293,FinTech,IN,07-10-2023,Pro,FALSE,Pro,18559,222708,70,714,2662.4286,54,5,49,76.4,0.8,25-10-2024,3,383,1
A-342303,Company_294,EdTech,US,16-03-2024,Pro,TRUE,Pro,1695,20340,15,141,1543.2667,5,3,29.33333333,71.3333,3,20-03-2024,1,-44,1
A-e7a1e2,Company_295,Cybersecurity,US,23-06-2024,Enterprise,FALSE,Pro,20042,240504,68,703,3248.9412,36,1,45,37,4,11-12-2024,3,145,1
A-f1f639,Company_296,EdTech,US,26-02-2023,Basic,FALSE,Enterprise,2919,35028,14,139,3078.3571,10,7,20,67.5714,3.428571429,07-04-2024,2,279,1
A-a865bd,Company_297,Cybersecurity,US,19-09-2023,Pro,FALSE,Pro,21022,252264,24,230,2505,13,2,31.5,21.5,1.5,18-03-2024,2,61,1
A-4e631b,Company_298,FinTech,US,16-03-2024,Enterprise,FALSE,Pro,24398,292776,49,502,3156.4898,29,2,24.5,52,2,NULL,NULL,764,0
A-7f6b86,Company_299,HealthTech,US,24-08-2023,Basic,TRUE,Pro,19402,232824,41,420,3518.2683,14,7,40.42857143,96.5714,1.571428571,10-07-2024,1,315,1
A-8adedc,Company_300,EdTech,US,11-02-2024,Basic,TRUE,Pro,28328,339936,61,583,2721.2623,33,4,49.25,56.75,1,NULL,NULL,789,0
A-2edab2,Company_301,HealthTech,US,17-11-2023,Enterprise,FALSE,Pro,11390,136680,47,487,3421.3617,26,4,30,102.25,0.75,23-06-2024,2,214,1
A-149a69,Company_302,DevTools,US,17-10-2024,Basic,FALSE,Enterprise,8058,96696,18,208,3327.4444,9,8,33.875,120.875,2.625,04-12-2024,1,-1,1
A-a6d261,Company_303,FinTech,CA,29-11-2023,Pro,FALSE,Pro,38191,458292,63,627,3003.7302,29,4,40,63.25,3.5,10-03-2024,1,88,1
A-443f6f,Company_304,Cybersecurity,US,07-12-2024,Basic,FALSE,Pro,13594,163128,56,527,2824.0893,28,4,28,122.25,3.5,NULL,NULL,499,0
A-202b67,Company_305,HealthTech,US,22-03-2024,Pro,FALSE,Pro,18168,218016,46,447,2402.4783,40,4,36.75,90.5,3.5,14-09-2024,2,171,1
A-00bed1,Company_306,Cybersecurity,US,14-11-2023,Basic,TRUE,Pro,33506,402072,51,514,2818.3137,27,4,31.75,106.25,1,03-01-2024,1,48,1
A-ffc04f,Company_307,EdTech,US,06-06-2024,Pro,FALSE,Pro,20039,240468,86,857,3224.9651,64,7,17.71428571,58.5714,2.571428571,03-08-2024,1,56,1
A-65c341,Company_308,FinTech,US,26-12-2023,Pro,TRUE,Pro,30546,366552,38,410,3870.2105,18,5,41.4,87.8,0.8,16-12-2024,2,305,1
A-dcc2f0,Company_309,FinTech,UK,22-07-2023,Basic,FALSE,Pro,17493,209916,76,833,3206.5658,26,2,27,100,0,10-04-2024,1,191,1
A-ced9aa,Company_310,DevTools,US,05-10-2024,Enterprise,FALSE,Pro,6252,75024,55,531,3035.8182,39,7,28.85714286,102.8571,0.428571429,NULL,NULL,557,0
A-3d957b,Company_311,HealthTech,UK,04-04-2024,Pro,FALSE,Pro,11852,142224,15,143,2913.2667,13,3,41.33333333,79.3333,1,05-05-2024,1,-71,1
A-89ee83,Company_312,Cybersecurity,US,04-10-2024,Pro,FALSE,Pro,24907,298884,59,565,2925.8644,26,5,21.8,66.2,2.4,NULL,NULL,550,0
A-883b7d,Company_313,Cybersecurity,IN,28-03-2024,Basic,FALSE,Pro,30524,366288,66,644,2871.4242,40,7,25.57142857,62.2857,2.571428571,NULL,NULL,730,0
A-dcc3f1,Company_314,HealthTech,US,27-12-2023,Pro,FALSE,Pro,12747,152964,48,500,2874.125,32,9,35.66666667,83.4444,2.111111111,10-10-2024,2,288,1
A-c62e55,Company_315,EdTech,US,08-02-2023,Basic,TRUE,Pro,11902,142824,32,337,2720.1563,13,4,27.5,101.25,3,NULL,NULL,888,0
A-e4144b,Company_316,EdTech,UK,22-10-2024,Pro,FALSE,Pro,35424,425088,43,439,3102.2558,21,3,57,172.3333,2.666666667,NULL,NULL,527,0
A-e40f45,Company_317,HealthTech,US,18-04-2024,Pro,FALSE,Pro,11825,141900,45,401,2732.3111,26,7,26.71428571,96.2857,1.857142857,09-11-2024,1,178,1
A-96215d,Company_318,FinTech,US,08-08-2024,Enterprise,FALSE,Pro,10312,123744,32,347,3263.8125,21,1,25,115,3,NULL,NULL,612,0
A-2b9d3e,Company_319,EdTech,US,04-06-2023,Enterprise,FALSE,Pro,5142,61704,45,444,3168.6444,19,3,34.66666667,79.3333,1.666666667,NULL,NULL,958,0
A-b7724f,Company_320,HealthTech,UK,28-03-2023,Basic,FALSE,Pro,3222,38664,38,380,2453.9737,16,3,28.66666667,92,2,01-09-2024,3,456,1
A-310452,Company_321,DevTools,FR,25-12-2024,Enterprise,FALSE,Pro,11003,132036,25,268,2623.24,16,5,34.2,113.6,3.6,27-12-2024,2,1,1
A-eb1312,Company_322,FinTech,US,16-09-2024,Pro,FALSE,Pro,18147,217764,65,663,2893.0308,38,1,68,117,5,03-10-2024,2,15,1
A-df1e44,Company_323,Cybersecurity,UK,23-02-2024,Enterprise,FALSE,Pro,13107,157284,42,420,2915.0476,14,2,53,109.5,2.5,20-11-2024,2,257,1
A-6a7c9d,Company_324,Cybersecurity,US,24-10-2024,Enterprise,FALSE,Pro,13028,156336,19,189,3421.3684,6,3,34.33333333,60,2.666666667,21-11-2024,2,9,1
A-cbd1a3,Company_325,DevTools,US,25-11-2024,Basic,FALSE,Pro,16351,196212,45,465,2862.4222,32,4,34.5,81.75,2,NULL,NULL,511,0
A-a8d89d,Company_326,EdTech,US,08-12-2023,Pro,FALSE,Pro,29320,351840,54,551,3166.037,26,2,44.5,139,2.5,26-08-2024,2,258,1
A-600734,Company_327,DevTools,US,14-11-2023,Pro,TRUE,Pro,18132,217584,69,660,2754.7246,30,7,52.57142857,89.4286,1.571428571,NULL,NULL,829,0
A-86fc1d,Company_328,DevTools,UK,26-07-2024,Basic,FALSE,Pro,15181,182172,37,363,3002.9189,26,5,27,59.2,1.6,12-08-2024,1,4,1
A-78f02b,Company_329,HealthTech,US,17-11-2024,Enterprise,FALSE,Pro,15081,180972,20,211,3117.45,16,4,45.75,55,3,09-12-2024,2,20,1
A-acb7f7,Company_330,EdTech,US,06-01-2024,Basic,FALSE,Pro,32574,390888,62,612,2848.8387,36,3,41,91,2.333333333,21-03-2024,1,74,1
A-712f1c,Company_331,DevTools,US,16-12-2023,Basic,FALSE,Pro,42999,515988,68,631,2666.2059,34,6,41.66666667,88.8333,2.666666667,24-10-2024,1,295,1
A-3793ee,Company_332,Cybersecurity,CA,21-03-2023,Enterprise,TRUE,Pro,26705,320460,38,352,2562.6579,11,4,43.75,100.25,1,16-06-2023,1,-157,1
A-9a532a,Company_333,HealthTech,US,06-07-2024,Enterprise,FALSE,Enterprise,10945,131340,18,185,4199.7222,15,2,57.5,128.5,0,NULL,NULL,601,0
A-2ebb4b,Company_334,HealthTech,US,15-05-2023,Basic,FALSE,Pro,30688,368256,50,488,2870.04,33,2,43.5,136.5,3,29-12-2024,3,574,1
A-6843f2,Company_335,HealthTech,CA,10-12-2024,Enterprise,FALSE,Pro,16520,198240,46,481,2748.3478,17,2,36.5,78,3,NULL,NULL,496,0
A-c9bb3e,Company_336,EdTech,US,24-03-2024,Pro,FALSE,Pro,15217,182604,46,474,3720.7174,20,7,27.71428571,86.1429,3,03-10-2024,2,185,1
A-4814a3,Company_337,Cybersecurity,IN,17-09-2024,Basic,FALSE,Pro,87957,1055484,60,587,2812.7833,45,4,18.75,97,1,25-11-2024,1,59,1
A-b7b7b7,Company_338,FinTech,US,30-06-2024,Basic,FALSE,Pro,28558,342696,55,571,3025.2727,26,3,17,99,3.333333333,NULL,NULL,648,0
A-ccc747,Company_339,HealthTech,FR,12-01-2024,Pro,FALSE,Pro,4812,57744,30,284,2986.0667,13,4,32.25,83.25,1.25,02-09-2024,3,112,1
A-bb3bd4,Company_340,HealthTech,US,27-01-2024,Basic,FALSE,Pro,7452,89424,30,315,3120.3,11,11,32.72727273,106.3636,2.636363636,30-06-2024,2,86,1
A-09316c,Company_341,FinTech,AU,11-09-2024,Enterprise,FALSE,Pro,70000,840000,54,566,2767.7963,31,4,54.75,106.25,3.75,05-12-2024,1,77,1
A-96bbc6,Company_342,Cybersecurity,US,07-05-2024,Enterprise,FALSE,Pro,30426,365112,49,482,3118.4898,25,3,51.33333333,67,3.333333333,21-12-2024,3,212,1
A-bc4d48,Company_343,EdTech,US,12-06-2024,Pro,TRUE,Pro,12390,148680,32,321,2793.4688,9,6,41.16666667,65.8333,3.5,NULL,NULL,664,0
A-b30291,Company_344,HealthTech,US,05-04-2024,Basic,TRUE,Pro,5375,64500,48,519,3356.1875,31,1,16,1,0,03-09-2024,1,147,1
A-cdf020,Company_345,DevTools,AU,16-08-2023,Pro,FALSE,Pro,18072,216864,40,379,2988.05,18,4,29.5,39.25,3,07-11-2024,2,342,1
A-e6afc1,Company_346,DevTools,US,24-02-2023,Pro,FALSE,Pro,22582,270984,71,679,2764.6056,30,NULL,NULL,NULL,NULL,NULL,NULL,1063,0
A-e3bd71,Company_347,Cybersecurity,US,25-03-2023,Basic,FALSE,Pro,41630,499560,61,638,3065.9672,27,4,30.25,119,2,30-12-2023,1,271,1
A-b179bf,Company_348,Cybersecurity,IN,27-10-2024,Basic,FALSE,Pro,17931,215172,39,398,2842.4359,18,6,24.66666667,94.3333,0.666666667,05-12-2024,3,39,1
A-098560,Company_349,DevTools,UK,21-10-2023,Enterprise,FALSE,Pro,12326,147912,55,567,3169.1273,32,2,28,100,3,04-09-2024,2,269,1
A-82861f,Company_350,DevTools,UK,25-04-2024,Basic,FALSE,Pro,43633,523596,50,462,2617.46,43,5,24.4,55,3.2,17-05-2024,1,-1,1
A-94c3cd,Company_351,FinTech,CA,20-09-2023,Enterprise,FALSE,Pro,9036,108432,31,306,3361.1935,18,4,44.75,116.5,1.75,NULL,NULL,836,0
A-a33200,Company_352,HealthTech,US,15-09-2024,Basic,FALSE,Pro,28913,346956,55,517,2745.4,26,3,36.33333333,88.3333,3,07-10-2024,1,11,1
A-034368,Company_353,EdTech,US,05-11-2023,Enterprise,FALSE,Enterprise,11194,134328,28,265,2872.25,25,5,41.2,91.8,1.6,29-08-2024,1,259,1
A-b54c01,Company_354,DevTools,US,29-09-2024,Enterprise,FALSE,Pro,3393,40716,23,226,2824.913,17,5,42.6,77.2,1.2,23-10-2024,1,16,1
A-d82ef9,Company_355,EdTech,UK,02-07-2024,Basic,FALSE,Pro,14327,171924,68,679,2853.2647,46,5,39.8,91.6,3.4,06-08-2024,1,23,1
A-bb2f49,Company_356,Cybersecurity,US,28-05-2023,Pro,FALSE,Pro,23990,287880,60,618,3167.8333,42,3,22.33333333,102.3333,2.666666667,NULL,NULL,1027,0
A-1f559b,Company_357,HealthTech,US,04-09-2023,Enterprise,TRUE,Pro,11756,141072,40,400,2931.675,27,5,50.4,116.2,4.2,28-09-2024,1,291,1
A-5a215a,Company_358,EdTech,FR,05-01-2024,Enterprise,FALSE,Pro,130152,1561824,80,807,3395.65,71,4,29.5,38,3,NULL,NULL,811,0
A-3f9cc0,Company_359,HealthTech,US,03-06-2024,Basic,FALSE,Enterprise,19940,239280,42,407,2960.0238,24,5,34.8,112.6,1.8,21-12-2024,3,181,1
A-f9cc74,Company_360,DevTools,FR,12-10-2024,Enterprise,TRUE,Pro,15557,186684,50,484,2616.52,22,6,49.83333333,118.3333,3.333333333,NULL,NULL,556,0
A-ed510f,Company_361,Cybersecurity,IN,17-01-2023,Basic,FALSE,Pro,36162,433944,49,493,3280.4898,28,9,44.55555556,82.5556,1.777777778,05-05-2023,1,57,1
A-5c9849,Company_362,EdTech,IN,03-11-2024,Basic,FALSE,Pro,36755,441060,46,473,3293.1087,23,4,59.5,41,0,13-11-2024,1,3,1
A-a7bd4b,Company_363,Cybersecurity,US,15-02-2023,Enterprise,FALSE,Pro,6268,75216,55,576,3032.2182,37,6,36.83333333,86.1667,2.166666667,15-10-2024,1,576,1
A-d4ac0e,Company_364,DevTools,UK,20-04-2024,Basic,FALSE,Pro,27557,330684,80,793,3070.2375,53,4,21,34,1.75,NULL,NULL,711,0
A-ffdfd5,Company_365,EdTech,US,13-04-2024,Basic,FALSE,Pro,14322,171864,52,529,2684.7885,28,NULL,NULL,NULL,NULL,08-08-2024,1,106,1
A-0dbdc6,Company_366,Cybersecurity,DE,12-02-2023,Pro,FALSE,Pro,28273,339276,52,512,2982.8269,31,4,47,95.25,1.25,14-04-2024,2,305,1
A-7cfe77,Company_367,DevTools,US,10-07-2024,Pro,FALSE,Pro,12765,153180,19,205,3030.6316,11,7,30.71428571,105.5714,2,19-12-2024,2,142,1
A-1f0636,Company_368,EdTech,AU,01-01-2024,Pro,FALSE,Pro,94710,1136520,68,685,3119.4118,30,2,38.5,75,3.5,NULL,NULL,784,0
A-40de06,Company_369,Cybersecurity,US,08-05-2023,Enterprise,FALSE,Pro,28862,346344,91,902,2938.4615,43,3,40.33333333,67.6667,1.333333333,NULL,NULL,1053,0
A-cb5333,Company_370,DevTools,US,26-03-2024,Pro,FALSE,Pro,26256,315072,82,796,3216.6707,34,4,30.75,85.75,0.75,11-08-2024,1,132,1
A-309e54,Company_371,DevTools,US,09-12-2024,Pro,FALSE,Pro,28549,342588,52,509,3234.5962,24,5,23.8,90.2,0.6,14-12-2024,1,1,1
A-6e7827,Company_372,DevTools,US,26-03-2023,Basic,FALSE,Pro,8344,100128,41,419,3007.4878,31,2,51,83.5,3.5,09-04-2024,2,303,1
A-50bb9f,Company_373,Cybersecurity,US,12-07-2024,Pro,FALSE,Pro,17263,207156,24,276,4138.6667,15,7,33.28571429,74.7143,1.714285714,12-09-2024,2,52,1
A-5fe118,Company_374,Cybersecurity,US,07-11-2024,Enterprise,FALSE,Pro,22290,267480,21,233,2852.4762,12,1,19,26,4,16-12-2024,1,14,1
A-5247b3,Company_375,FinTech,UK,12-03-2024,Pro,TRUE,Pro,11791,141492,60,610,2953.5333,29,5,45.8,96.6,2.4,16-10-2024,2,207,1
A-f44180,Company_376,Cybersecurity,UK,13-02-2023,Pro,FALSE,Pro,28788,345456,52,520,3156.1731,22,2,46.5,123,5,29-04-2023,1,35,1
A-c16cf7,Company_377,EdTech,US,16-10-2024,Pro,TRUE,Pro,12274,147288,58,577,2497.3448,26,3,48.33333333,111.6667,2.333333333,07-12-2024,2,50,1
A-d42431,Company_378,FinTech,FR,09-06-2024,Enterprise,TRUE,Enterprise,21160,253920,47,457,2848.1702,34,4,24.25,119.5,2,12-10-2024,2,123,1
A-6965e1,Company_379,DevTools,US,25-11-2024,Basic,FALSE,Pro,27765,333180,59,627,3189.0508,29,3,39,128.3333,1,09-12-2024,3,4,1
A-0354fe,Company_380,Cybersecurity,US,22-10-2024,Basic,FALSE,Enterprise,15470,185640,45,463,3387.4444,30,4,20,69.25,2,26-11-2024,2,23,1
A-0a62f5,Company_381,FinTech,UK,11-09-2024,Pro,FALSE,Pro,4861,58332,25,244,2995.6,7,2,33.5,105,0,27-12-2024,5,102,1
A-f5641b,Company_382,EdTech,US,30-03-2024,Pro,FALSE,Pro,39120,469440,39,438,3632.0256,18,4,47.5,98,1.5,17-06-2024,2,57,1
A-b44e3e,Company_383,Cybersecurity,UK,12-02-2024,Basic,FALSE,Pro,43521,522252,38,387,3024.0263,13,3,40,75.3333,4.333333333,14-04-2024,1,46,1
A-3b37d9,Company_384,FinTech,US,27-01-2023,Enterprise,FALSE,Pro,19435,233220,43,451,2979.5116,21,5,36,89.8,1.8,13-10-2024,2,551,1
A-54d94a,Company_385,Cybersecurity,IN,01-05-2023,Basic,FALSE,Pro,12557,150684,59,582,2951.8983,28,4,53.75,82.75,1.75,NULL,NULL,874,0
A-7f29a7,Company_386,Cybersecurity,UK,18-09-2024,Basic,TRUE,Pro,18860,226320,62,619,2858.2097,38,1,24,5,4,09-10-2024,1,13,1
A-089363,Company_387,FinTech,AU,06-05-2023,Basic,FALSE,Pro,21104,253248,61,628,3221.1639,33,3,35,91.3333,3.666666667,27-11-2023,1,177,1
A-524364,Company_388,DevTools,FR,31-12-2024,Enterprise,FALSE,Pro,9552,114624,26,237,2791.1154,24,3,47.66666667,75.3333,4.333333333,NULL,NULL,476,0
A-855a48,Company_389,EdTech,US,22-12-2023,Pro,TRUE,Pro,30376,364512,44,448,3316.0909,16,5,39.6,122,2.2,01-08-2024,1,184,1
A-756192,Company_390,FinTech,IN,11-06-2023,Basic,FALSE,Pro,21400,256800,64,617,2868.5156,43,3,37.33333333,102.3333,2.666666667,NULL,NULL,947,0
A-49b828,Company_391,FinTech,IN,05-05-2023,Pro,FALSE,Pro,31108,373296,65,687,2879.7385,45,3,13.66666667,87.6667,2.333333333,NULL,NULL,1076,0
A-c7ffc2,Company_392,Cybersecurity,US,27-01-2023,Pro,TRUE,Pro,36112,433344,62,640,3241.2419,28,2,64,86,1.5,11-11-2023,2,170,1
A-751c58,Company_393,FinTech,UK,18-07-2024,Basic,FALSE,Pro,19597,235164,53,574,3385,12,5,39.6,130,2.6,16-12-2024,3,140,1
A-72799b,Company_394,DevTools,FR,13-11-2023,Enterprise,FALSE,Pro,17315,207780,56,550,2767.8214,34,2,33.5,80,4.5,05-05-2024,1,170,1
A-812c5b,Company_395,DevTools,CA,25-02-2024,Basic,FALSE,Pro,29884,358608,88,866,3063.5795,46,4,27,88.25,2,11-05-2024,1,38,1
A-69b156,Company_396,EdTech,US,21-11-2023,Pro,FALSE,Pro,14293,171516,36,360,2846.75,20,7,32,100.5714,2.285714286,NULL,NULL,846,0
A-075038,Company_397,HealthTech,UK,12-05-2023,Basic,FALSE,Pro,18909,226908,70,743,2838.9714,31,2,43.5,54,3,05-09-2024,1,419,1
A-940b8b,Company_398,HealthTech,DE,19-03-2024,Basic,FALSE,Pro,9640,115680,35,362,3462.4,32,3,41.33333333,89.3333,2.666666667,NULL,NULL,750,0
A-2d1036,Company_399,FinTech,US,14-06-2024,Pro,FALSE,Pro,64653,775836,69,692,2628.0435,40,5,37.8,49,4.6,28-10-2024,2,117,1
A-0f6450,Company_400,FinTech,US,27-12-2024,Pro,TRUE,Pro,23800,285600,54,539,3234.6296,39,8,29.75,81.625,2.875,30-12-2024,2,3,1
A-9affe6,Company_401,Cybersecurity,US,22-03-2023,Pro,FALSE,Pro,10636,127632,47,473,3081.9787,16,3,58,76,1,12-01-2024,1,281,1
A-80eeb6,Company_402,Cybersecurity,UK,09-05-2023,Enterprise,FALSE,Pro,68489,821868,76,725,2919.7895,43,4,40.25,68.25,2.75,09-02-2024,2,209,1
A-d4e0d4,Company_403,FinTech,US,18-10-2024,Basic,FALSE,Pro,138060,1656720,49,488,2954.5102,33,4,39.25,76.25,2,NULL,NULL,550,0
A-c7e58b,Company_404,HealthTech,IN,25-06-2023,Pro,FALSE,Pro,5384,64608,34,343,3113.3235,18,5,30.6,98.4,2.8,NULL,NULL,965,0
A-016043,Company_405,EdTech,CA,31-07-2024,Basic,TRUE,Pro,16516,198192,47,490,2810.1064,21,3,30.33333333,78,1.333333333,11-08-2024,1,9,1
A-bbe56f,Company_406,HealthTech,US,16-02-2023,Enterprise,FALSE,Pro,6025,72300,22,232,2754.7273,8,4,26.25,120.5,3,NULL,NULL,966,0
A-7c5768,Company_407,HealthTech,UK,02-03-2024,Enterprise,FALSE,Pro,3389,40668,46,461,3092.9565,31,5,28.8,96.4,2.4,NULL,NULL,777,0
A-751bd4,Company_408,Cybersecurity,UK,12-07-2024,Pro,FALSE,Pro,190,2280,10,92,3262.9,0,6,23.16666667,112,2.833333333,22-09-2024,1,4,1
A-4e0e85,Company_409,DevTools,US,08-09-2023,Enterprise,FALSE,Pro,4544,54528,31,288,2594.1613,9,2,53,119.5,2.5,14-03-2024,2,27,1
A-ad3abd,Company_410,FinTech,US,03-03-2023,Pro,FALSE,Pro,16896,202752,29,296,3271.2414,11,3,13,70.3333,2,12-07-2023,1,116,1
A-e19ff6,Company_411,Cybersecurity,UK,28-07-2023,Enterprise,FALSE,Pro,4910,58920,45,456,3218.7556,24,3,30.66666667,115,4.666666667,27-06-2024,3,323,1
A-7920cc,Company_412,Cybersecurity,FR,23-11-2023,Pro,FALSE,Pro,52089,625068,62,601,2863.0968,28,7,32.85714286,113.4286,1.857142857,NULL,NULL,876,0
A-5a92e7,Company_413,HealthTech,US,11-06-2024,Pro,FALSE,Pro,12671,152052,85,885,3251.0235,76,7,45,86.1429,3.142857143,11-11-2024,2,151,1
A-fdfc91,Company_414,Cybersecurity,US,06-05-2023,Basic,FALSE,Pro,20612,247344,56,564,2823.9821,29,5,28.8,121,2.2,NULL,NULL,996,0
A-1e50e0,Company_415,Cybersecurity,DE,21-02-2023,Pro,TRUE,Pro,13295,159540,20,194,3132.5,15,2,20.5,143,2.5,26-04-2024,2,400,1
A-1e1b80,Company_416,FinTech,CA,12-09-2023,Enterprise,FALSE,Pro,48647,583764,68,682,3078.1618,47,6,43,67.5,2.666666667,13-11-2024,3,399,1
A-659280,Company_417,FinTech,IN,17-11-2023,Enterprise,TRUE,Pro,21450,257400,60,613,3102.0333,34,4,8,123.75,3.25,22-11-2024,2,363,1
A-f6b2fb,Company_418,DevTools,AU,23-04-2024,Basic,FALSE,Pro,23359,280308,55,524,2880.2182,37,5,55,88.6,2.4,11-07-2024,1,49,1
A-cb6cc6,Company_419,DevTools,US,03-04-2023,Basic,TRUE,Pro,2622,31464,35,314,2906.2571,26,3,16.33333333,131.6667,2.333333333,NULL,NULL,1097,0
A-d62e02,Company_420,Cybersecurity,US,20-08-2024,Pro,FALSE,Enterprise,21324,255888,34,344,3728.1471,23,1,36,31,4,NULL,NULL,595,0
A-d535f6,Company_421,DevTools,US,03-09-2024,Basic,TRUE,Pro,7415,88980,47,477,3107.5106,29,NULL,NULL,NULL,NULL,26-11-2024,2,66,1
A-39868b,Company_422,FinTech,AU,17-03-2024,Pro,FALSE,Pro,4194,50328,28,305,3796.1429,21,6,39,100.8333,2.833333333,24-05-2024,2,29,1
A-3cc791,Company_423,EdTech,US,10-01-2024,Enterprise,FALSE,Pro,8522,102264,46,447,3239.8261,30,6,48.33333333,95.8333,2.833333333,09-10-2024,1,252,1
A-337bc1,Company_424,Cybersecurity,US,19-07-2023,Pro,TRUE,Pro,19379,232548,43,425,3281.7442,34,4,32.5,62.75,3,16-12-2023,2,136,1
A-58b9ff,Company_425,DevTools,IN,31-05-2024,Enterprise,FALSE,Pro,22642,271704,65,667,3088.1077,32,2,66,79,2,10-10-2024,1,115,1
A-bf7919,Company_426,HealthTech,US,27-11-2024,Pro,FALSE,Pro,1560,18720,26,262,2979.1538,14,2,14.5,81.5,2.5,17-12-2024,2,10,1
A-1d5444,Company_427,Cybersecurity,US,18-01-2024,Basic,FALSE,Pro,30958,371496,59,592,3085.2712,35,2,30,62.5,2,01-06-2024,1,74,1
A-0f3e88,Company_428,HealthTech,US,23-07-2023,Basic,FALSE,Pro,5624,67488,59,598,2993.7288,28,3,48,67,3,11-08-2024,1,372,1
A-7641d3,Company_429,EdTech,US,16-02-2023,Pro,TRUE,Pro,12060,144720,50,519,3295.1,26,5,45.2,124.6,2.6,07-06-2024,2,422,1
A-cd458b,Company_430,DevTools,US,15-06-2024,Basic,TRUE,Pro,43291,519492,84,864,3174.0952,45,5,38.4,81.2,4.6,07-11-2024,1,118,1
A-c16b88,Company_431,HealthTech,US,02-12-2023,Enterprise,FALSE,Pro,20338,244056,48,457,3228.3125,24,3,48.33333333,137.6667,1,01-06-2024,1,85,1
A-59f724,Company_432,HealthTech,US,03-11-2023,Enterprise,TRUE,Pro,9773,117276,68,696,3260.1618,47,4,19.25,94.5,4.25,NULL,NULL,841,0
A-87aa7b,Company_433,HealthTech,US,16-05-2024,Pro,TRUE,Pro,22881,274572,72,742,2924.2361,35,3,27.33333333,72.6667,0,26-12-2024,3,218,1
A-1e6fc3,Company_434,EdTech,FR,06-12-2023,Pro,FALSE,Pro,444,5328,26,244,3279.7692,19,5,23.8,88.6,2.2,20-03-2024,1,69,1
A-39ddf4,Company_435,EdTech,US,05-12-2024,Enterprise,FALSE,Pro,35836,430032,46,455,3035.9565,36,5,23,76.2,3.4,13-12-2024,1,6,1
A-34ea2f,Company_436,HealthTech,US,15-08-2024,Enterprise,FALSE,Pro,14583,174996,57,550,3072.9298,30,8,35.25,65.625,2.375,19-10-2024,2,44,1
A-716841,Company_437,FinTech,US,06-05-2024,Pro,FALSE,Pro,26234,314808,34,344,3269.4412,13,5,29.8,112.8,2.4,13-11-2024,1,184,1
A-558c72,Company_438,FinTech,US,01-06-2023,Basic,FALSE,Pro,9171,110052,30,296,2784.5667,16,4,64.25,79.25,2.25,28-11-2024,1,535,1
A-b11cd0,Company_439,DevTools,US,20-01-2023,Pro,TRUE,Pro,4806,57672,29,278,2955.5517,16,4,38.5,140.75,2,NULL,NULL,1160,0
A-cc1d8d,Company_440,FinTech,US,08-12-2024,Pro,FALSE,Pro,8947,107364,63,618,3243.8889,48,5,30.2,99.2,1.8,19-12-2024,2,11,1
A-7f4db3,Company_441,FinTech,US,05-03-2023,Pro,FALSE,Pro,26276,315312,90,844,3088.8889,46,5,16.6,91.4,2.6,21-03-2023,1,10,1
A-db5e9e,Company_442,DevTools,US,09-11-2024,Basic,FALSE,Pro,9251,111012,57,586,2997.4561,27,2,66,97.5,5,29-12-2024,1,47,1
A-cc102e,Company_443,HealthTech,US,15-04-2024,Enterprise,FALSE,Pro,10063,120756,43,394,2827.0698,39,4,33.25,109,3.25,19-11-2024,3,197,1
A-82d8a6,Company_444,Cybersecurity,UK,28-11-2024,Basic,FALSE,Pro,27966,335592,70,661,2836.2571,38,5,42.2,112,1.4,29-12-2024,1,26,1
A-dec005,Company_445,HealthTech,US,13-10-2023,Pro,FALSE,Pro,30744,368928,51,475,2847.3137,44,2,59,152,1.5,23-11-2024,1,403,1
A-5790f4,Company_446,FinTech,UK,22-12-2024,Pro,TRUE,Pro,18926,227112,35,321,2739.6571,26,4,44,57.25,1,31-12-2024,3,9,1
A-7c83a1,Company_447,Cybersecurity,US,06-05-2024,Pro,FALSE,Pro,16731,200772,62,632,3282.4032,23,4,42,86.25,4,19-05-2024,1,5,1
A-297a2d,Company_448,HealthTech,UK,05-05-2023,Pro,FALSE,Pro,14373,172476,25,244,2816.48,22,2,32.5,84.5,1.5,NULL,NULL,980,0
A-4c56c9,Company_449,FinTech,US,20-12-2023,Enterprise,FALSE,Pro,30471,365652,64,623,3061.3594,38,5,38.6,68.2,3,05-04-2024,1,-38,1
A-cbbe12,Company_450,Cybersecurity,DE,22-03-2023,Enterprise,FALSE,Pro,13081,156972,22,178,2271.9545,10,6,38,74.5,2.833333333,NULL,NULL,1005,0
A-4a267b,Company_451,FinTech,US,05-05-2024,Pro,FALSE,Pro,29687,356244,50,498,3019.68,22,4,16.25,105,3.25,17-06-2024,1,39,1
A-bcbe98,Company_452,Cybersecurity,US,29-07-2024,Enterprise,FALSE,Pro,21666,259992,65,635,2671.0615,43,7,38.28571429,61.5714,1.714285714,25-11-2024,1,119,1
A-427b69,Company_453,FinTech,US,23-08-2024,Basic,FALSE,Pro,19958,239496,70,698,3082.9143,36,2,31.5,109.5,1.5,NULL,NULL,591,0
A-0be015,Company_454,FinTech,US,15-10-2024,Pro,FALSE,Pro,1178,14136,28,297,3150.1786,13,7,40.28571429,84.8571,3,13-12-2024,1,53,1
A-054577,Company_455,EdTech,UK,28-04-2024,Basic,FALSE,Pro,44601,535212,85,833,2585.2588,52,1,46,70,4,NULL,NULL,718,0
A-bc87bc,Company_456,FinTech,US,17-07-2024,Pro,FALSE,Pro,12032,144384,36,394,3754.4444,14,7,40.57142857,112,2.142857143,NULL,NULL,587,0
A-0f7d77,Company_457,FinTech,IN,28-10-2024,Pro,FALSE,Pro,2326,27912,30,298,3131.1,19,5,27.2,74.6,2,09-11-2024,1,-2,1
A-e7beab,Company_458,EdTech,DE,20-10-2023,Enterprise,FALSE,Pro,11332,135984,36,373,3640.9444,17,6,36.66666667,124.6667,2.666666667,25-04-2024,1,185,1
A-a09355,Company_459,FinTech,US,10-08-2024,Basic,FALSE,Pro,34140,409680,78,788,2782.8718,47,5,32.6,66.6,2.4,18-10-2024,2,57,1
A-31ab9a,Company_460,FinTech,DE,03-03-2024,Pro,FALSE,Pro,15802,189624,34,340,3821.0882,23,7,43.14285714,67.7143,2,23-09-2024,2,184,1
A-0158bb,Company_461,FinTech,DE,22-05-2024,Basic,FALSE,Pro,4070,48840,36,364,3390.3056,22,1,32,50,3,NULL,NULL,691,0
A-f19b24,Company_462,Cybersecurity,US,10-01-2023,Pro,TRUE,Pro,2523,30276,12,119,3834.3333,10,2,35.5,74,2,NULL,NULL,765,0
A-798a3f,Company_463,DevTools,FR,19-10-2023,Enterprise,FALSE,Enterprise,14152,169824,37,352,2841.7838,19,5,33,45.2,2.4,19-07-2024,1,207,1
A-42b791,Company_464,FinTech,AU,20-05-2024,Pro,FALSE,Pro,19060,228720,32,312,2646.6563,6,3,33.66666667,72,2.666666667,NULL,NULL,679,0
A-068fc6,Company_465,EdTech,US,17-07-2023,Enterprise,FALSE,Pro,29085,349020,59,598,3204.0169,29,5,38.8,121.4,2.6,NULL,NULL,906,0
A-6f50ae,Company_466,FinTech,US,21-09-2023,Pro,FALSE,Pro,26608,319296,83,811,2891.7108,48,5,31,87.4,3.6,26-02-2024,2,107,1
A-a2485e,Company_467,FinTech,US,04-08-2024,Pro,TRUE,Pro,8775,105300,28,317,3665.9643,13,NULL,NULL,NULL,NULL,NULL,NULL,621,0
A-bb1eaa,Company_468,Cybersecurity,US,11-06-2024,Basic,FALSE,Pro,10381,124572,17,164,2666.8824,7,6,23.5,92.3333,1.5,15-08-2024,1,46,1
A-cc98bc,Company_469,DevTools,US,24-05-2023,Basic,FALSE,Pro,21567,258804,53,551,3027.7358,24,3,4.666666667,122.3333,1.333333333,NULL,NULL,1060,0
A-d77f4c,Company_470,DevTools,US,25-09-2023,Pro,TRUE,Pro,48726,584712,62,617,2936.2258,32,2,31,75,4,03-12-2024,3,406,1
A-ccabf0,Company_471,HealthTech,IN,06-11-2023,Pro,FALSE,Pro,22379,268548,50,506,3381.76,29,4,46.25,89.75,2.75,31-10-2024,2,359,1
A-700ade,Company_472,Cybersecurity,UK,31-10-2024,Enterprise,TRUE,Pro,16875,202500,29,284,2944.1724,18,4,30.25,53.5,3.5,NULL,NULL,530,0
A-4a4c2d,Company_473,DevTools,US,02-05-2023,Enterprise,FALSE,Pro,33966,407592,59,587,2783.1864,37,5,42,104,3.4,NULL,NULL,1023,0
A-b7ef83,Company_474,Cybersecurity,UK,29-05-2024,Pro,TRUE,Pro,35868,430416,72,738,3010.7917,39,2,47.5,79,2,24-07-2024,2,42,1
A-e08cd3,Company_475,FinTech,US,21-09-2024,Pro,TRUE,Pro,71020,852240,43,432,3210.7907,21,8,30.375,93,2,17-12-2024,2,78,1
A-19b2c8,Company_476,DevTools,IN,06-06-2023,Pro,FALSE,Pro,26703,320436,63,601,2990.4921,34,3,29.33333333,90,4.666666667,16-08-2024,1,424,1
A-970c97,Company_477,HealthTech,DE,01-03-2024,Enterprise,FALSE,Pro,15381,184572,44,444,3039.3636,24,1,61,139,5,NULL,NULL,776,0
A-6dee43,Company_478,FinTech,UK,12-08-2023,Basic,TRUE,Pro,22770,273240,48,461,2969.5,11,5,44.2,48.8,2.6,14-01-2024,1,84,1
A-5ed98d,Company_479,DevTools,US,22-06-2024,Basic,FALSE,Pro,15478,185736,32,312,2822.3125,18,5,35.8,91.8,1,02-10-2024,2,96,1
A-c58f49,Company_480,EdTech,US,31-07-2024,Enterprise,TRUE,Enterprise,70980,851760,38,363,2856.3158,22,3,36.33333333,60,1.666666667,21-09-2024,3,42,1
A-9c18c4,Company_481,HealthTech,US,27-07-2023,Pro,FALSE,Pro,17823,213876,56,556,3186.6607,37,4,42.25,130.25,2,NULL,NULL,986,0
A-cc8c8f,Company_482,DevTools,US,16-06-2024,Enterprise,FALSE,Enterprise,15600,187200,28,268,2392.25,18,2,14.5,123,3.5,12-09-2024,1,83,1
A-5f7781,Company_483,DevTools,US,20-08-2024,Pro,FALSE,Pro,10252,123024,18,183,3861.3889,10,2,28.5,42,2,25-12-2024,1,120,1
A-e1b9cd,Company_484,DevTools,US,26-02-2023,Pro,FALSE,Pro,37042,444504,80,840,3045.2,47,1,35,115,3,01-10-2024,1,560,1
A-ac85cd,Company_485,EdTech,US,31-07-2024,Enterprise,FALSE,Pro,41267,495204,63,634,2793.6825,29,3,33.66666667,76.3333,2.333333333,13-12-2024,2,133,1
A-d792a6,Company_486,DevTools,US,23-01-2023,Enterprise,FALSE,Pro,23049,276588,68,690,2991.1029,40,5,40.6,97.8,1.6,13-08-2024,2,554,1
A-ac9111,Company_487,HealthTech,US,12-08-2023,Pro,TRUE,Pro,26626,319512,83,808,3064.2169,46,3,24.66666667,89.6667,1.666666667,25-06-2024,1,293,1
A-18793f,Company_488,EdTech,US,18-12-2024,Basic,TRUE,Pro,78588,943056,48,486,3506.4583,20,5,45.2,101.6,3.8,30-12-2024,1,11,1
A-9f0b68,Company_489,EdTech,US,28-04-2024,Basic,FALSE,Pro,28518,342216,70,709,2773.1857,33,3,30.33333333,96.3333,1,01-11-2024,2,168,1
A-d3c88e,Company_490,DevTools,US,18-10-2024,Pro,FALSE,Pro,26183,314196,64,644,3195.0469,48,3,58,48,1.333333333,18-11-2024,1,26,1
A-ccb686,Company_491,DevTools,US,22-01-2024,Basic,FALSE,Pro,21541,258492,70,721,2912.1143,46,1,67,30,4,24-11-2024,3,296,1
A-118f1c,Company_492,Cybersecurity,US,31-10-2024,Pro,FALSE,Pro,52160,625920,38,369,2547.7895,14,1,64,141,3,17-12-2024,1,47,1
A-0e966d,Company_493,FinTech,IN,25-06-2024,Basic,FALSE,Pro,12445,149340,64,636,3088.8281,34,3,31.66666667,95.3333,3,NULL,NULL,660,0
A-b9f5b1,Company_494,Cybersecurity,US,24-01-2023,Pro,TRUE,Enterprise,7072,84864,30,307,3019.2,12,6,31.83333333,75.6667,3.333333333,21-07-2023,1,131,1
A-8ae3fc,Company_495,DevTools,CA,28-06-2024,Pro,FALSE,Pro,4447,53364,39,402,3339.5385,30,4,39.5,65.5,1.75,10-08-2024,1,24,1
A-55f257,Company_496,FinTech,US,21-12-2023,Basic,FALSE,Pro,12137,145644,53,476,2754.1887,25,6,43.16666667,114.5,3.333333333,NULL,NULL,830,0
A-d26ab4,Company_497,DevTools,UK,07-11-2024,Basic,FALSE,Pro,16613,199356,46,458,2638.6739,24,2,49.5,110,2,26-12-2024,1,48,1
A-712533,Company_498,EdTech,US,31-07-2023,Pro,FALSE,Pro,19382,232584,55,571,3273.7455,35,5,37.4,97.2,3,18-07-2024,1,340,1
A-781cc0,Company_499,EdTech,US,04-09-2024,Pro,FALSE,Pro,18315,219780,87,864,3103.5402,42,4,57.5,106,2.75,09-12-2024,2,96,1
